""	"Ident"
"AAACCTGCACCAGGCT"	"4"
"AAACCTGCAGCATGAG"	"4"
"AAACCTGCAGCTGGCT"	"0"
"AAACCTGGTAAATACG"	"3"
"AAACCTGGTAGAAAGG"	"2"
"AAACGGGAGCAGACTG"	"3"
"AAACGGGCATGAACCT"	"5"
"AAACGGGGTCATGCAT"	"4"
"AAACGGGGTCGGATCC"	"2"
"AAACGGGTCATCGCTC"	"4"
"AAACGGGTCGGTCCGA"	"0"
"AAACGGGTCTCAAACG"	"2"
"AAAGATGGTGCTAGCC"	"0"
"AAAGATGTCTGGAGCC"	"2"
"AAAGCAAAGGGTGTTG"	"1"
"AAAGCAACAGTCGTGC"	"2"
"AAAGCAACATTTGCTT"	"1"
"AAAGCAAGTTGACGTT"	"0"
"AAAGTAGAGAAGGTTT"	"2"
"AAAGTAGCAGACGTAG"	"3"
"AAAGTAGCATTTGCCC"	"3"
"AAAGTAGTCATCACCC"	"1"
"AAATGCCAGCTTTGGT"	"9"
"AAATGCCCACCCTATC"	"1"
"AAATGCCCAGGGTTAG"	"1"
"AAATGCCCATGGAATA"	"7"
"AAATGCCCATGTCGAT"	"0"
"AAATGCCGTGCGATAG"	"2"
"AACACGTCAGACGCCT"	"2"
"AACACGTGTGTCTGAT"	"5"
"AACACGTTCCTATGTT"	"2"
"AACACGTTCCTTCAAT"	"5"
"AACACGTTCTGTCTCG"	"3"
"AACCATGAGGAGTTGC"	"0"
"AACCATGCAGGTGCCT"	"2"
"AACCATGCATCCGCGA"	"9"
"AACCATGCATTTCACT"	"0"
"AACCATGGTATGAAAC"	"5"
"AACCATGGTCGGCTCA"	"2"
"AACCATGTCGGAATCT"	"5"
"AACCGCGAGGAGTACC"	"3"
"AACCGCGCAAGCCTAT"	"0"
"AACCGCGTCTGCCAGG"	"6"
"AACGTTGAGTTGTCGT"	"0"
"AACGTTGCACGGCTAC"	"4"
"AACGTTGCAGTACACT"	"5"
"AACGTTGCATTGGGCC"	"4"
"AACTCAGAGAATCTCC"	"5"
"AACTCAGAGATAGCAT"	"6"
"AACTCAGAGGCTAGGT"	"6"
"AACTCAGGTCTAGCGC"	"6"
"AACTCAGTCCAGAGGA"	"0"
"AACTCAGTCCGAATGT"	"0"
"AACTCCCAGGGCTCTC"	"4"
"AACTCCCCATTAGGCT"	"3"
"AACTCCCGTGCCTTGG"	"4"
"AACTCCCTCAGCTCTC"	"0"
"AACTCCCTCGAACGGA"	"3"
"AACTCCCTCGAGCCCA"	"0"
"AACTCTTAGTCGTTTG"	"1"
"AACTCTTAGTGGTAAT"	"3"
"AACTCTTAGTGTTGAA"	"5"
"AACTCTTCAGCTGTTA"	"2"
"AACTCTTGTATGAAAC"	"3"
"AACTCTTGTTGATTCG"	"3"
"AACTCTTTCTTGTTTG"	"5"
"AACTGGTAGACGCACA"	"8"
"AACTGGTAGTGAAGAG"	"3"
"AACTGGTAGTTGAGAT"	"3"
"AACTGGTCACGGCCAT"	"6"
"AACTGGTCATTGGTAC"	"2"
"AACTTTCAGAGCAATT"	"8"
"AACTTTCCACGTAAGG"	"3"
"AACTTTCCACTGTCGG"	"5"
"AACTTTCCATCACAAC"	"0"
"AACTTTCCATCGGGTC"	"4"
"AAGACCTCAAGGGTCA"	"1"
"AAGCCGCAGACAGACC"	"0"
"AAGCCGCAGAGAGCTC"	"0"
"AAGCCGCAGTGAATTG"	"7"
"AAGCCGCGTCCAGTAT"	"7"
"AAGCCGCGTCTCACCT"	"3"
"AAGCCGCTCGAGCCCA"	"4"
"AAGGAGCAGGGAAACA"	"5"
"AAGGAGCCATACTCTT"	"7"
"AAGGAGCTCGCCATAA"	"9"
"AAGGCAGAGCATCATC"	"3"
"AAGGCAGCAAGCGATG"	"4"
"AAGGCAGGTCAACTGT"	"0"
"AAGGCAGGTCTTCGTC"	"0"
"AAGGCAGGTGGACGAT"	"0"
"AAGGCAGTCCTTCAAT"	"1"
"AAGGCAGTCGCGGATC"	"4"
"AAGGTTCAGAGCTTCT"	"0"
"AAGGTTCAGGCGACAT"	"3"
"AAGGTTCCAATGGATA"	"1"
"AAGGTTCCATTATCTC"	"0"
"AAGGTTCTCACTTCAT"	"7"
"AAGTCTGCAAGGACAC"	"8"
"AAGTCTGCAATGCCAT"	"2"
"AAGTCTGCAGGCGATA"	"2"
"AAGTCTGCATCGACGC"	"1"
"AAGTCTGGTACCGCTG"	"1"
"AAGTCTGGTCGTTGTA"	"0"
"AAGTCTGGTTTGACTG"	"2"
"AAGTCTGTCGAATCCA"	"0"
"AATCCAGCACATCCGG"	"4"
"AATCCAGCAGTAAGCG"	"4"
"AATCCAGTCTAACTTC"	"9"
"AATCGGTAGGGCATGT"	"5"
"AATCGGTCAGCGTCCA"	"3"
"AATCGGTCATAGACTC"	"4"
"AATCGGTGTAGGGTAC"	"0"
"AATCGGTGTGAGGCTA"	"4"
"AATCGGTGTTCTGGTA"	"2"
"AATCGGTTCACCGGGT"	"0"
"ACACCAAAGGCTATCT"	"2"
"ACACCAAAGTTGAGAT"	"3"
"ACACCAACAGGTCTCG"	"3"
"ACACCAAGTCACTTCC"	"3"
"ACACCAAGTCTCTTTA"	"0"
"ACACCAATCTGGCGTG"	"4"
"ACACCAATCTTGTTTG"	"0"
"ACACCCTAGAGAACAG"	"1"
"ACACCCTAGAGGGATA"	"4"
"ACACCCTAGATGTGTA"	"7"
"ACACCCTAGGTAGCTG"	"3"
"ACACCCTCAAGTAATG"	"4"
"ACACCCTCAGAGTGTG"	"0"
"ACACCCTCAGCCTTGG"	"1"
"ACACCCTGTAGTACCT"	"2"
"ACACCCTTCACTTACT"	"2"
"ACACCCTTCGAGAGCA"	"6"
"ACACCCTTCGCCAAAT"	"3"
"ACACCCTTCGCTTGTC"	"4"
"ACACCGGAGCTTATCG"	"2"
"ACACCGGAGTATCGAA"	"6"
"ACACCGGAGTTCGCGC"	"2"
"ACACTGAGTTAAGACA"	"9"
"ACAGCCGAGCTAGTCT"	"1"
"ACAGCCGCATATGCTG"	"5"
"ACAGCCGGTACTTAGC"	"5"
"ACAGCCGTCACCACCT"	"5"
"ACAGCCGTCTCGTTTA"	"1"
"ACAGCTAAGCGTGAAC"	"6"
"ACAGCTAGTGATAAAC"	"3"
"ACAGCTAGTTCCACGG"	"5"
"ACAGCTATCTGGTTCC"	"3"
"ACATACGCAGCCTTGG"	"2"
"ACATACGGTCAGATAA"	"1"
"ACATACGGTGCAACGA"	"1"
"ACATACGTCCCTCAGT"	"7"
"ACATACGTCTCGCTTG"	"0"
"ACATCAGAGACACTAA"	"0"
"ACATCAGTCAACGGCC"	"1"
"ACATGGTAGACCCACC"	"0"
"ACATGGTAGAGTAAGG"	"0"
"ACATGGTAGGAATCGC"	"0"
"ACATGGTGTAGCGTGA"	"3"
"ACATGGTGTGTATGGG"	"0"
"ACCAGTACAGACACTT"	"2"
"ACCAGTAGTTATTCTC"	"1"
"ACCAGTATCTGGTGTA"	"9"
"ACCCACTAGTGTCTCA"	"0"
"ACCCACTCAATCCAAC"	"2"
"ACCCACTTCCACTCCA"	"0"
"ACCCACTTCCTGTAGA"	"1"
"ACCCACTTCTTGACGA"	"1"
"ACCGTAATCGTTGACA"	"3"
"ACCTTTACAAGCTGGA"	"1"
"ACCTTTACAGTAAGCG"	"3"
"ACCTTTACATCAGTAC"	"5"
"ACCTTTAGTCTTGTCC"	"8"
"ACCTTTATCAAACAAG"	"0"
"ACCTTTATCAACACTG"	"0"
"ACGAGCCAGCACCGTC"	"0"
"ACGAGCCAGCCGATTT"	"0"
"ACGAGCCCAGGGAGAG"	"3"
"ACGAGCCGTGAGGGAG"	"1"
"ACGAGCCTCAAGAAGT"	"2"
"ACGAGGAAGCATGGCA"	"1"
"ACGAGGAAGCCAGAAC"	"3"
"ACGAGGAAGGTAAACT"	"1"
"ACGAGGATCAAGATCC"	"2"
"ACGAGGATCACTTATC"	"0"
"ACGAGGATCTGATTCT"	"0"
"ACGATACAGCAGATCG"	"4"
"ACGATACGTACAGACG"	"5"
"ACGATACTCGTAGATC"	"2"
"ACGATACTCTCTTATG"	"4"
"ACGATGTAGGCGCTCT"	"1"
"ACGATGTAGGTGCAAC"	"4"
"ACGATGTCACCAGGTC"	"2"
"ACGATGTCACGACTCG"	"2"
"ACGATGTCATCCGTGG"	"0"
"ACGCAGCAGAGTGAGA"	"6"
"ACGCAGCCAGCCTTTC"	"6"
"ACGCAGCCATCTCCCA"	"0"
"ACGCAGCTCCCAACGG"	"0"
"ACGCAGCTCGACCAGC"	"0"
"ACGCCAGCACCGGAAA"	"7"
"ACGCCAGGTCCCTTGT"	"8"
"ACGCCGAAGATCTGCT"	"5"
"ACGCCGAAGCTCAACT"	"1"
"ACGCCGAAGGATGGTC"	"3"
"ACGCCGAAGGCCCTCA"	"1"
"ACGCCGAAGGCGCTCT"	"1"
"ACGCCGACAGGTCCAC"	"3"
"ACGGAGAAGCGATATA"	"1"
"ACGGAGAGTCCGAACC"	"2"
"ACGGAGAGTCGACTAT"	"9"
"ACGGAGATCTTCGAGA"	"0"
"ACGGCCAAGTACGACG"	"4"
"ACGGCCACAGACACTT"	"1"
"ACGGCCACATAGAAAC"	"0"
"ACGGCCAGTAAGTTCC"	"5"
"ACGGCCAGTAATCGTC"	"3"
"ACGGCCATCCACGAAT"	"3"
"ACGGGCTCAAAGTCAA"	"0"
"ACGGGCTCACCCAGTG"	"2"
"ACGGGCTGTCACCTAA"	"0"
"ACGGGCTTCATATCGG"	"1"
"ACGGGTCAGGGAAACA"	"2"
"ACGGGTCGTACCCAAT"	"1"
"ACGTCAAAGCTGCGAA"	"5"
"ACGTCAACATGGATGG"	"4"
"ACTATCTAGCTAACAA"	"3"
"ACTATCTGTCGCGGTT"	"3"
"ACTATCTTCAAGGCTT"	"3"
"ACTATCTTCATTATCC"	"9"
"ACTATCTTCCATTCTA"	"3"
"ACTGAACAGCTATGCT"	"2"
"ACTGAACAGCTGTTCA"	"2"
"ACTGAACAGGTGATTA"	"6"
"ACTGAACCACACTGCG"	"0"
"ACTGAACCACAGTCGC"	"2"
"ACTGAACCACCTCGGA"	"4"
"ACTGAACGTACAGACG"	"0"
"ACTGAACGTACGACCC"	"3"
"ACTGAACGTCCTGCTT"	"4"
"ACTGAACTCAGGTAAA"	"5"
"ACTGAGTGTATATGGA"	"5"
"ACTGAGTGTTCCACAA"	"4"
"ACTGAGTGTTCTGTTT"	"4"
"ACTGAGTTCCGTCAAA"	"0"
"ACTGAGTTCGTCACGG"	"4"
"ACTGATGAGCTAGGCA"	"2"
"ACTGATGCAACACGCC"	"3"
"ACTGATGGTGTGGCTC"	"3"
"ACTGATGGTTCTGGTA"	"7"
"ACTGATGTCAACGAAA"	"5"
"ACTGATGTCACAGGCC"	"6"
"ACTGCTCAGTGTCTCA"	"0"
"ACTGCTCCAATGACCT"	"1"
"ACTGCTCCATATGGTC"	"4"
"ACTGCTCGTCATGCAT"	"0"
"ACTGTCCAGAAACGAG"	"2"
"ACTGTCCAGCGTTGCC"	"0"
"ACTGTCCTCGAACGGA"	"6"
"ACTGTCCTCTGCTGCT"	"0"
"ACTTACTCAGGCGATA"	"2"
"ACTTACTGTTGCGCAC"	"1"
"ACTTGTTAGTTCGCGC"	"2"
"ACTTGTTTCAGTTTGG"	"0"
"ACTTTCAAGGAGCGAG"	"7"
"ACTTTCAAGGAGTCTG"	"6"
"ACTTTCACAATGGACG"	"0"
"ACTTTCACACCGAATT"	"0"
"ACTTTCACACGGCTAC"	"4"
"ACTTTCAGTCGCGAAA"	"0"
"ACTTTCAGTTACGGAG"	"2"
"ACTTTCATCAGAGACG"	"2"
"ACTTTCATCAGGTTCA"	"3"
"AGAATAGAGTCATCCA"	"3"
"AGAATAGCAAAGAATC"	"0"
"AGAATAGCAAGACACG"	"8"
"AGAATAGCACCCATGG"	"2"
"AGAATAGCACGAGAGT"	"3"
"AGAATAGCATGCCCGA"	"1"
"AGAATAGTCTTACCTA"	"3"
"AGACGTTCACATGGGA"	"4"
"AGACGTTCACTCTGTC"	"1"
"AGACGTTGTACCGGCT"	"2"
"AGACGTTTCCCAACGG"	"6"
"AGACGTTTCGATCCCT"	"0"
"AGACGTTTCTGCGTAA"	"4"
"AGAGCGAGTATATCCG"	"3"
"AGAGCGAGTTTAGGAA"	"3"
"AGAGCTTAGGACACCA"	"3"
"AGAGCTTGTAAATGAC"	"1"
"AGAGCTTGTCAATGTC"	"3"
"AGAGTGGCAATAGCGG"	"0"
"AGAGTGGGTAGAGGAA"	"1"
"AGAGTGGGTCAAAGAT"	"3"
"AGAGTGGGTGCCTTGG"	"0"
"AGATCTGAGAAGGTGA"	"6"
"AGATCTGGTATCAGTC"	"2"
"AGATCTGGTTCAGTAC"	"0"
"AGATCTGGTTGCCTCT"	"0"
"AGATTGCAGATATACG"	"0"
"AGATTGCCAGGAACGT"	"0"
"AGATTGCGTACTTGAC"	"7"
"AGATTGCTCCGCATAA"	"3"
"AGCAGCCAGCGTAATA"	"4"
"AGCAGCCAGCTGAAAT"	"3"
"AGCAGCCAGTGCGATG"	"0"
"AGCAGCCGTCGGGTCT"	"5"
"AGCATACAGAGCTTCT"	"5"
"AGCATACCATTCCTGC"	"3"
"AGCATACTCAACCATG"	"0"
"AGCATACTCGCCCTTA"	"9"
"AGCATACTCGTCCGTT"	"3"
"AGCCTAAAGAAACCTA"	"3"
"AGCCTAAAGATGTTAG"	"4"
"AGCCTAACACGGCTAC"	"0"
"AGCCTAAGTACAAGTA"	"5"
"AGCCTAAGTACAGTTC"	"0"
"AGCCTAAGTACCGTAT"	"1"
"AGCCTAATCAATACCG"	"2"
"AGCCTAATCGCATGGC"	"0"
"AGCCTAATCTCACATT"	"2"
"AGCGGTCCAAGGACTG"	"8"
"AGCGGTCCATATACCG"	"2"
"AGCGGTCCATCCGTGG"	"1"
"AGCGGTCCATCTCCCA"	"0"
"AGCGGTCGTGCGGTAA"	"3"
"AGCGGTCTCTCTAAGG"	"0"
"AGCGTATAGAGACTTA"	"3"
"AGCGTATAGCTAGTGG"	"3"
"AGCGTATAGGAGTCTG"	"5"
"AGCGTATCAGTATAAG"	"4"
"AGCGTATGTGCACCAC"	"3"
"AGCGTATGTTGTCTTT"	"0"
"AGCGTCGAGCCTCGTG"	"5"
"AGCGTCGAGGTTCCTA"	"2"
"AGCGTCGAGTACTTGC"	"4"
"AGCGTCGGTGTGACGA"	"5"
"AGCTCCTAGAAGCCCA"	"1"
"AGCTCCTAGACTAAGT"	"1"
"AGCTCCTGTGTCAATC"	"0"
"AGCTCCTTCAACGGCC"	"4"
"AGCTCTCAGCCGCCTA"	"0"
"AGCTCTCCACGGCGTT"	"4"
"AGCTCTCGTAGTGAAT"	"3"
"AGCTTGACAACTGCTA"	"6"
"AGCTTGACATCGGACC"	"3"
"AGCTTGAGTTCGCGAC"	"5"
"AGCTTGATCATCGGAT"	"3"
"AGCTTGATCGGAAACG"	"2"
"AGCTTGATCTAAGCCA"	"4"
"AGCTTGATCTATGTGG"	"4"
"AGGCCACAGTACGTTC"	"4"
"AGGCCACAGTGAAGAG"	"0"
"AGGCCACCAGAAGCAC"	"6"
"AGGCCACCAGACACTT"	"0"
"AGGCCACGTAAAGTCA"	"4"
"AGGCCACTCTCGTTTA"	"0"
"AGGCCGTAGAAGATTC"	"3"
"AGGCCGTAGGTAGCTG"	"3"
"AGGCCGTGTCCGAGTC"	"0"
"AGGCCGTGTGTGCGTC"	"5"
"AGGCCGTGTTCCAACA"	"2"
"AGGCCGTTCTGTTGAG"	"0"
"AGGGAGTAGGTGATAT"	"2"
"AGGGAGTGTAAGTAGT"	"3"
"AGGGAGTTCACCAGGC"	"4"
"AGGGAGTTCGATGAGG"	"0"
"AGGGATGAGTTCGATC"	"1"
"AGGGATGCACCACCAG"	"3"
"AGGGATGGTCGCCATG"	"0"
"AGGGATGGTTGGACCC"	"1"
"AGGGATGTCCCAACGG"	"2"
"AGGGTGAAGAGTCGGT"	"5"
"AGGGTGAAGATGTGGC"	"1"
"AGGGTGACACGCCAGT"	"0"
"AGGGTGACAGGGAGAG"	"1"
"AGGGTGACATAGTAAG"	"0"
"AGGGTGAGTCGATTGT"	"5"
"AGGGTGAGTCTGGAGA"	"5"
"AGGGTGAGTTGGTAAA"	"0"
"AGGGTGATCGGCGCAT"	"1"
"AGGTCATAGCCAGTTT"	"0"
"AGGTCATAGCTATGCT"	"3"
"AGGTCATCATCATCCC"	"5"
"AGGTCATTCCACGTGG"	"0"
"AGGTCCGCAGATTGCT"	"3"
"AGGTCCGGTACAGCAG"	"1"
"AGGTCCGGTGAGCGAT"	"0"
"AGGTCCGGTGAGTATA"	"0"
"AGGTCCGGTTCTGGTA"	"2"
"AGTAGTCAGGGCTCTC"	"3"
"AGTAGTCGTCTTCAAG"	"5"
"AGTCTTTCAACTTGAC"	"1"
"AGTGAGGCAGTGGGAT"	"2"
"AGTGAGGCATCCGGGT"	"3"
"AGTGAGGTCAAACGGG"	"0"
"AGTGAGGTCTTCTGGC"	"0"
"AGTGGGAAGAGCAATT"	"4"
"AGTGGGACAAGGTTCT"	"3"
"AGTGGGAGTGATGATA"	"7"
"AGTGGGAGTTCATGGT"	"7"
"AGTGGGATCCTGTAGA"	"3"
"AGTGTCAAGCTAGTGG"	"2"
"AGTGTCAAGGTGATAT"	"2"
"AGTGTCAAGTACGTTC"	"6"
"AGTGTCAAGTTTCCTT"	"3"
"AGTGTCACATGACATC"	"3"
"AGTGTCATCCTATGTT"	"2"
"AGTTGGTAGAGCTTCT"	"1"
"AGTTGGTCAGGTGGAT"	"0"
"AGTTGGTTCGCGGATC"	"1"
"ATAACGCAGCGAAGGG"	"5"
"ATAACGCCAGTCACTA"	"4"
"ATAACGCGTCCATGAT"	"3"
"ATAACGCTCATGGTCA"	"0"
"ATAACGCTCCGTCATC"	"3"
"ATAAGAGAGCGACGTA"	"3"
"ATAAGAGAGTCTCCTC"	"4"
"ATAAGAGCACGGCGTT"	"4"
"ATAAGAGCATCACCCT"	"3"
"ATAAGAGCATCGGACC"	"2"
"ATAAGAGGTACCGGCT"	"0"
"ATAAGAGGTCAATGTC"	"1"
"ATAAGAGTCATCGGAT"	"8"
"ATAAGAGTCTGCGACG"	"0"
"ATAGACCAGTAGGCCA"	"1"
"ATAGACCCAAACGCGA"	"3"
"ATAGACCCACGGTTTA"	"3"
"ATAGACCCAGGAATGC"	"0"
"ATAGACCCATTCACTT"	"0"
"ATAGACCTCAGTTCGA"	"9"
"ATAGACCTCCAGTAGT"	"3"
"ATCACGAGTACCGCTG"	"5"
"ATCACGAGTCAAAGAT"	"4"
"ATCACGAGTGAGCGAT"	"3"
"ATCACGATCAACTCTT"	"7"
"ATCACGATCAAGGCTT"	"2"
"ATCACGATCGACCAGC"	"3"
"ATCACGATCGGAAATA"	"1"
"ATCACGATCTTCATGT"	"1"
"ATCATCTAGCCTTGAT"	"0"
"ATCATCTAGGGTTTCT"	"5"
"ATCATCTCAGGGTACA"	"1"
"ATCATCTTCAGAGGTG"	"5"
"ATCATCTTCCAGAAGG"	"2"
"ATCATGGAGTAGCGGT"	"1"
"ATCATGGCAATCCGAT"	"0"
"ATCATGGGTACCCAAT"	"5"
"ATCATGGGTAGCGTCC"	"4"
"ATCCACCAGTCTTGCA"	"0"
"ATCCACCCAATGTAAG"	"0"
"ATCCACCCACTCTGTC"	"4"
"ATCCACCCAGACAAGC"	"6"
"ATCCACCCATCGTCGG"	"0"
"ATCCACCGTAGCCTCG"	"0"
"ATCCGAACACCAGGCT"	"2"
"ATCCGAAGTTCGAATC"	"8"
"ATCGAGTAGACAGACC"	"5"
"ATCGAGTCACAGGAGT"	"4"
"ATCGAGTCAGTAAGCG"	"0"
"ATCGAGTGTGTAACGG"	"1"
"ATCGAGTTCACAGTAC"	"5"
"ATCTACTCAATCTGCA"	"1"
"ATCTACTCACATTCGA"	"8"
"ATCTACTCATTCCTGC"	"2"
"ATCTGCCAGCGTCTAT"	"1"
"ATCTGCCAGGTGCAAC"	"2"
"ATCTGCCAGTATTGGA"	"4"
"ATCTGCCCACGTCAGC"	"1"
"ATCTGCCCAGAGCCAA"	"1"
"ATCTGCCCATTGAGCT"	"0"
"ATCTGCCGTAAGAGAG"	"4"
"ATCTGCCGTCCAACTA"	"1"
"ATCTGCCGTTTAGCTG"	"0"
"ATCTGCCTCTATGTGG"	"5"
"ATGAGGGAGAGTAAGG"	"2"
"ATGAGGGAGTACGTTC"	"2"
"ATGAGGGCAGAGTGTG"	"4"
"ATGAGGGCATAGAAAC"	"5"
"ATGAGGGGTTAGTGGG"	"0"
"ATGAGGGTCGTATCAG"	"6"
"ATGAGGGTCTGTCAAG"	"1"
"ATGCGATCAAATACAG"	"1"
"ATGGGAGAGAGTGAGA"	"0"
"ATGGGAGAGATCCCGC"	"0"
"ATGGGAGAGTATCTCG"	"1"
"ATGGGAGAGTATTGGA"	"5"
"ATGGGAGCAGGTTTCA"	"3"
"ATGGGAGTCACTTACT"	"5"
"ATGTGTGAGAGTCTGG"	"4"
"ATGTGTGCACAAGTAA"	"2"
"ATGTGTGGTATCGCAT"	"2"
"ATGTGTGTCAGCTCTC"	"0"
"ATGTGTGTCTTGCATT"	"3"
"ATTACTCAGGACACCA"	"0"
"ATTACTCTCCTGCAGG"	"2"
"ATTACTCTCGCAAACT"	"1"
"ATTATCCAGAGCCCAA"	"3"
"ATTCTACAGAGTCTGG"	"1"
"ATTCTACTCACCTCGT"	"1"
"ATTCTACTCGGCGCTA"	"2"
"ATTGGACAGCTAGTTC"	"1"
"ATTGGACAGTACGTAA"	"5"
"ATTGGACCAAGAGTCG"	"0"
"ATTGGACCAGGTGGAT"	"6"
"ATTGGACCATCCGTGG"	"2"
"ATTGGACCATGTTGAC"	"0"
"ATTGGACGTCATACTG"	"4"
"ATTGGACTCTTATCTG"	"0"
"ATTGGTGCAAGAAGAG"	"0"
"ATTGGTGCAGTACACT"	"5"
"ATTGGTGCAGTATAAG"	"0"
"ATTGGTGTCACTGGGC"	"0"
"ATTGGTGTCGAATCCA"	"0"
"ATTGGTGTCGGGAGTA"	"8"
"ATTTCTGAGATGTTAG"	"4"
"ATTTCTGAGCGATAGC"	"2"
"ATTTCTGCAGGCTCAC"	"6"
"ATTTCTGGTCTTGCGG"	"1"
"CAACCAACACAGACAG"	"1"
"CAACCAACACCGAAAG"	"1"
"CAACCAAGTCTGATCA"	"1"
"CAACCTCAGGCTAGAC"	"2"
"CAACCTCCATCCGGGT"	"2"
"CAACCTCGTCCAGTTA"	"6"
"CAACCTCGTGAGCGAT"	"0"
"CAACCTCGTGTGACCC"	"3"
"CAACCTCTCGGCTACG"	"0"
"CAACCTCTCTTGTTTG"	"4"
"CAACTAGGTAACGACG"	"5"
"CAACTAGGTAATTGGA"	"4"
"CAACTAGGTAGGCATG"	"7"
"CAACTAGGTTGGGACA"	"2"
"CAACTAGTCAGGCAAG"	"1"
"CAACTAGTCGTGGTCG"	"3"
"CAAGAAACAACACGCC"	"0"
"CAAGAAACACGCCAGT"	"5"
"CAAGAAACATCACGAT"	"3"
"CAAGAAATCCGTCATC"	"5"
"CAAGAAATCGAACTGT"	"2"
"CAAGAAATCGGATGGA"	"4"
"CAAGATCAGCTAGTTC"	"2"
"CAAGATCTCCGATATG"	"1"
"CAAGGCCAGAACAATC"	"2"
"CAAGGCCGTAAATGTG"	"9"
"CAAGGCCGTTCGTGAT"	"0"
"CAAGGCCTCGGATGTT"	"3"
"CAAGTTGAGATATGGT"	"0"
"CAAGTTGCATGCCTTC"	"8"
"CAAGTTGGTCTCATCC"	"2"
"CAAGTTGGTTCGTGAT"	"1"
"CAAGTTGGTTGTTTGG"	"9"
"CAAGTTGTCTGCCAGG"	"3"
"CACAAACCACAACTGT"	"0"
"CACAAACGTCGAACAG"	"0"
"CACAAACTCAAGGTAA"	"2"
"CACAAACTCTCCAGGG"	"0"
"CACACAAAGGTGACCA"	"3"
"CACACAAAGTCCGGTC"	"5"
"CACACAAGTGAAGGCT"	"3"
"CACACCTAGCGTGAAC"	"0"
"CACACCTAGTAGCCGA"	"0"
"CACACCTAGTGTGAAT"	"5"
"CACACCTCACAACGCC"	"3"
"CACACCTCACGGCGTT"	"2"
"CACACCTCAGTCTTCC"	"1"
"CACACCTGTTACGACT"	"1"
"CACACCTGTTGTGGCC"	"3"
"CACACCTTCCGGCACA"	"0"
"CACACTCAGAAGGGTA"	"2"
"CACACTCAGATCCCGC"	"5"
"CACACTCCACTTACGA"	"3"
"CACACTCCAGGTTTCA"	"1"
"CACACTCCATCCCACT"	"5"
"CACACTCGTTAGGGTG"	"6"
"CACAGGCCAAGGCTCC"	"0"
"CACAGGCGTACTTAGC"	"5"
"CACAGGCTCATGCATG"	"1"
"CACAGTAAGATCTGCT"	"2"
"CACAGTAAGCTGCAAG"	"9"
"CACAGTACAGCAGTTT"	"1"
"CACAGTAGTCTAGCGC"	"4"
"CACAGTATCCGGGTGT"	"1"
"CACATAGCAGATGGCA"	"6"
"CACATAGCATCACAAC"	"4"
"CACATAGGTTGGTAAA"	"2"
"CACATAGTCACCACCT"	"3"
"CACATAGTCCCATTTA"	"6"
"CACATTTAGACTAAGT"	"1"
"CACATTTAGTACGACG"	"1"
"CACATTTAGTTTGCGT"	"0"
"CACATTTCAAGGACAC"	"1"
"CACATTTCAGCCTTGG"	"3"
"CACATTTCATGTTCCC"	"3"
"CACATTTTCGTACGGC"	"0"
"CACCACTAGTACGACG"	"4"
"CACCACTCAGGATCGA"	"2"
"CACCACTGTAAGTGGC"	"1"
"CACCAGGAGAAGGTGA"	"9"
"CACCAGGAGACTCGGA"	"1"
"CACCAGGTCCGTTGCT"	"1"
"CACCAGGTCGTAGGAG"	"0"
"CACCTTGGTAAGGGCT"	"1"
"CACCTTGGTACAAGTA"	"3"
"CACCTTGGTCTACCTC"	"5"
"CACCTTGTCAATCACG"	"4"
"CACTCCAAGCACCGCT"	"1"
"CACTCCAAGCACCGTC"	"9"
"CACTCCACAATGGTCT"	"1"
"CACTCCACATAAAGGT"	"3"
"CACTCCAGTAATAGCA"	"5"
"CAGAATCAGGATATAC"	"1"
"CAGAATCCAATGGATA"	"2"
"CAGAATCCATCATCCC"	"1"
"CAGAATCGTATTCGTG"	"4"
"CAGAGAGAGACTGGGT"	"6"
"CAGAGAGCACGGCCAT"	"0"
"CAGAGAGCAGAGCCAA"	"4"
"CAGAGAGTCGTTTGCC"	"0"
"CAGAGAGTCTTACCTA"	"2"
"CAGATCAAGCTGTCTA"	"0"
"CAGATCAAGTTTGCGT"	"1"
"CAGATCACACCATGTA"	"0"
"CAGATCACACCCATTC"	"0"
"CAGATCAGTAGCTGCC"	"1"
"CAGCAGCAGGTGGGTT"	"0"
"CAGCAGCAGTGGACGT"	"5"
"CAGCAGCCACCAACCG"	"2"
"CAGCAGCCACTTAAGC"	"2"
"CAGCAGCCATCTCCCA"	"0"
"CAGCAGCTCATCGGAT"	"2"
"CAGCAGCTCGAGAACG"	"6"
"CAGCATAGTGGTACAG"	"3"
"CAGCATATCGCTAGCG"	"1"
"CAGCCGAAGAGGGATA"	"4"
"CAGCCGAAGATACACA"	"1"
"CAGCCGAAGGGCTCTC"	"9"
"CAGCCGAAGTCCTCCT"	"1"
"CAGCCGAAGTGTTTGC"	"5"
"CAGCCGACAAGCTGGA"	"4"
"CAGCCGACACAAGCCC"	"4"
"CAGCCGAGTGGTCTCG"	"4"
"CAGCCGATCAACACAC"	"5"
"CAGCCGATCAACGCTA"	"5"
"CAGCGACCACCGAAAG"	"0"
"CAGCGACCAGAGTGTG"	"2"
"CAGCGACCAGATCTGT"	"0"
"CAGCGACGTTCAGACT"	"4"
"CAGCGACTCTGTCTCG"	"1"
"CAGCTAAAGAATAGGG"	"0"
"CAGCTAAAGATGTGTA"	"0"
"CAGCTAAAGATGTTAG"	"0"
"CAGCTAAAGGGAAACA"	"0"
"CAGCTAAGTAACGCGA"	"3"
"CAGCTAAGTCATACTG"	"4"
"CAGCTAATCACGACTA"	"5"
"CAGCTAATCATGTAGC"	"5"
"CAGCTGGAGTTACCCA"	"2"
"CAGCTGGCAGGTCGTC"	"1"
"CAGCTGGTCAGTTTGG"	"5"
"CAGGTGCAGTCGTACT"	"0"
"CAGGTGCAGTTCGCAT"	"6"
"CAGGTGCCACATTCGA"	"3"
"CAGGTGCCACGGCTAC"	"8"
"CAGGTGCCAGAGTGTG"	"5"
"CAGGTGCGTCGCGTGT"	"0"
"CAGGTGCGTTCCATGA"	"5"
"CAGGTGCGTTTAGGAA"	"6"
"CAGTAACCATTACCTT"	"4"
"CAGTAACGTACCAGTT"	"3"
"CAGTAACGTGATGCCC"	"3"
"CAGTCCTAGGCAGGTT"	"2"
"CAGTCCTCAAGCTGTT"	"1"
"CAGTCCTTCCTAAGTG"	"1"
"CAGTCCTTCTTACCTA"	"5"
"CATATGGAGCTGCAAG"	"5"
"CATATGGAGTCAAGCG"	"3"
"CATATTCAGTGAATTG"	"9"
"CATATTCCAACAACCT"	"8"
"CATATTCCAAGACGTG"	"1"
"CATATTCGTGGTCCGT"	"3"
"CATCAAGAGAGCTATA"	"5"
"CATCAAGAGAGGTTAT"	"0"
"CATCAAGCAGCTTAAC"	"0"
"CATCAAGCAGTTTACG"	"2"
"CATCAAGTCACGCATA"	"0"
"CATCAAGTCGCTTAGA"	"8"
"CATCAAGTCGGCTTGG"	"5"
"CATCAGAGTCATTAGC"	"2"
"CATCAGATCGGTGTTA"	"3"
"CATCCACAGAAAGTGG"	"4"
"CATCCACAGGACGAAA"	"1"
"CATCCACCATCCCACT"	"0"
"CATCCACGTATTACCG"	"1"
"CATCGAAAGCCCAGCT"	"0"
"CATCGAACAGGGTTAG"	"0"
"CATCGAACATCTACGA"	"0"
"CATCGGGAGCTGTCTA"	"1"
"CATCGGGAGTCCGTAT"	"3"
"CATCGGGCACAAGTAA"	"0"
"CATCGGGCAGCGTCCA"	"5"
"CATCGGGGTGATAAAC"	"0"
"CATCGGGGTTCTGAAC"	"4"
"CATCGGGGTTTAGCTG"	"4"
"CATCGGGTCGGATGTT"	"3"
"CATGACAAGCTAGGCA"	"6"
"CATGACAAGGTAGCTG"	"2"
"CATGACAAGTGCTGCC"	"3"
"CATGACACACCGTTGG"	"5"
"CATGACACATGGAATA"	"1"
"CATGACAGTATTCGTG"	"5"
"CATGCCTAGTGGAGTC"	"0"
"CATGCCTCAAGGGTCA"	"3"
"CATGCCTCACCATCCT"	"0"
"CATGCCTGTGCCTGTG"	"0"
"CATGCCTGTTGGTAAA"	"2"
"CATGCCTTCACTATTC"	"2"
"CATGCCTTCGTGTAGT"	"2"
"CATGCCTTCTGGGCCA"	"6"
"CATGGCGAGGACTGGT"	"3"
"CATGGCGCACGAAATA"	"4"
"CATTATCAGGCGTACA"	"1"
"CATTATCCATGCAACT"	"5"
"CATTATCGTGTCAATC"	"3"
"CATTCGCAGTTTCCTT"	"2"
"CATTCGCCATCGGACC"	"1"
"CATTCGCGTACGCACC"	"8"
"CATTCGCGTAGGCTGA"	"0"
"CATTCGCTCGAATGCT"	"1"
"CATTCGCTCGTACCGG"	"0"
"CCAATCCAGCTAACAA"	"2"
"CCAATCCAGTCAAGCG"	"4"
"CCAATCCCATCTCCCA"	"4"
"CCAATCCTCTAACCGA"	"0"
"CCAATCCTCTAAGCCA"	"3"
"CCACCTACACGGCGTT"	"0"
"CCACCTACATCGGAAG"	"2"
"CCACCTAGTCGGGTCT"	"1"
"CCACCTAGTTGTCGCG"	"4"
"CCACCTATCATGTGGT"	"5"
"CCACGGAAGATGTGGC"	"1"
"CCACGGAGTGTTAAGA"	"4"
"CCACTACAGAAACCTA"	"4"
"CCACTACAGTGTACGG"	"2"
"CCACTACCAGTAAGAT"	"3"
"CCACTACGTGGCTCCA"	"3"
"CCACTACGTGTTGAGG"	"2"
"CCAGCGACATGCCCGA"	"2"
"CCAGCGAGTTACGACT"	"0"
"CCAGCGAGTTGGTGGA"	"1"
"CCAGCGATCCAAAGTC"	"0"
"CCATGTCGTGACGGTA"	"2"
"CCATGTCTCCTTTCTC"	"4"
"CCATTCGAGAAAGTGG"	"0"
"CCATTCGCAAGTAATG"	"1"
"CCATTCGCAGGGCATA"	"5"
"CCATTCGCATGGATGG"	"2"
"CCATTCGTCACTATTC"	"5"
"CCATTCGTCCACGACG"	"0"
"CCATTCGTCTCAAGTG"	"9"
"CCCAATCAGGAGTAGA"	"3"
"CCCAATCAGTGAAGTT"	"1"
"CCCAATCCATTGGTAC"	"2"
"CCCAATCGTATAGGGC"	"9"
"CCCAATCGTTGACGTT"	"1"
"CCCAGTTAGAGTAAGG"	"3"
"CCCAGTTAGGCCCTTG"	"1"
"CCCAGTTGTCAAAGCG"	"0"
"CCCAGTTTCCACGAAT"	"0"
"CCCAGTTTCGACAGCC"	"6"
"CCCAGTTTCGGAAACG"	"1"
"CCCAGTTTCTGTCAAG"	"5"
"CCCATACAGTCTTGCA"	"3"
"CCCATACCAGGTCGTC"	"5"
"CCCATACTCCATGAGT"	"5"
"CCCTCCTCAAACCTAC"	"5"
"CCCTCCTGTTGGTAAA"	"0"
"CCCTCCTTCGCATGAT"	"5"
"CCCTCCTTCTCGAGTA"	"2"
"CCGGGATCAAGTTGTC"	"0"
"CCGGGATCAGGGTATG"	"5"
"CCGGGATGTCCGTCAG"	"4"
"CCGGGATGTGAAGGCT"	"5"
"CCGGGATGTGCCTGGT"	"2"
"CCGGGATGTGTCCTCT"	"1"
"CCGGTAGCAGATAATG"	"3"
"CCGGTAGTCATTTGGG"	"8"
"CCGGTAGTCGATAGAA"	"5"
"CCGTACTAGCAGCCTC"	"1"
"CCGTACTAGCATGGCA"	"9"
"CCGTACTAGGACGAAA"	"0"
"CCGTACTAGGGTTTCT"	"2"
"CCGTACTCACAACGCC"	"4"
"CCGTACTGTGCCTTGG"	"0"
"CCGTACTGTGTCTGAT"	"3"
"CCGTACTGTTCGCTAA"	"1"
"CCGTACTTCACGATGT"	"1"
"CCGTGGACATACCATG"	"0"
"CCGTGGATCATGTCTT"	"4"
"CCGTTCACAGCCTATA"	"0"
"CCGTTCACAGCTGCAC"	"0"
"CCGTTCACATGCTGGC"	"0"
"CCGTTCAGTCTCGTTC"	"1"
"CCTAAAGAGTGCCAGA"	"3"
"CCTAAAGCATCGGAAG"	"4"
"CCTAAAGTCAACGGGA"	"3"
"CCTAAAGTCCTCATTA"	"5"
"CCTAAAGTCTCTGAGA"	"0"
"CCTACACAGCGTCAAG"	"0"
"CCTACACAGCGTTGCC"	"1"
"CCTACACAGCTAGCCC"	"5"
"CCTACACAGTCCGTAT"	"1"
"CCTACACGTGAGTATA"	"8"
"CCTACACTCCAGAAGG"	"0"
"CCTACACTCCTTCAAT"	"4"
"CCTACCACAAGTCATC"	"6"
"CCTACCACAGATCGGA"	"0"
"CCTACCAGTGAGCGAT"	"4"
"CCTACCATCAGCTTAG"	"2"
"CCTAGCTAGGGATCTG"	"6"
"CCTAGCTTCAATCACG"	"0"
"CCTAGCTTCAGAGCTT"	"9"
"CCTATTAGTCATGCCG"	"1"
"CCTATTATCTGATTCT"	"0"
"CCTATTATCTGTCTAT"	"0"
"CCTCAGTAGGATGCGT"	"4"
"CCTCAGTAGTGGTAAT"	"0"
"CCTCAGTAGTGTGAAT"	"4"
"CCTCAGTCACATCCGG"	"2"
"CCTCAGTCATTCCTCG"	"0"
"CCTCAGTGTGCTAGCC"	"3"
"CCTCAGTGTGGTTTCA"	"6"
"CCTCAGTGTTACCGAT"	"3"
"CCTCAGTGTTCAGCGC"	"3"
"CCTCAGTTCAGTCAGT"	"5"
"CCTCAGTTCGCTTAGA"	"5"
"CCTCTGAAGCTAGTTC"	"3"
"CCTCTGAAGGTGCTAG"	"2"
"CCTCTGAAGTACACCT"	"7"
"CCTCTGAAGTAGCGGT"	"6"
"CCTCTGACACCCAGTG"	"0"
"CCTCTGACACCGGAAA"	"2"
"CCTCTGAGTAGCGCTC"	"4"
"CCTCTGATCAGGCAAG"	"0"
"CCTTACGAGATGCCTT"	"3"
"CCTTACGAGCCCGAAA"	"7"
"CCTTACGAGTATCGAA"	"3"
"CCTTACGCAAGCGCTC"	"1"
"CCTTACGCACCCAGTG"	"3"
"CCTTACGTCAGAGGTG"	"0"
"CCTTCCCAGACAGACC"	"2"
"CCTTCCCCAAATACAG"	"3"
"CCTTCCCCACGGACAA"	"7"
"CCTTCCCCAGTGACAG"	"0"
"CCTTCCCCAGTGAGTG"	"0"
"CCTTCCCGTACGCTGC"	"1"
"CCTTCCCTCTACGAGT"	"0"
"CCTTCCCTCTTAGCCC"	"2"
"CCTTCGACACAGCGTC"	"3"
"CCTTCGACAGGACGTA"	"1"
"CCTTCGACATCGGTTA"	"0"
"CCTTCGACATTCTTAC"	"9"
"CCTTCGAGTAGAGCTG"	"4"
"CCTTCGAGTGCAGACA"	"0"
"CCTTTCTCATACTCTT"	"3"
"CCTTTCTTCGGGAGTA"	"3"
"CCTTTCTTCTCGTTTA"	"3"
"CGAACATAGCCGCCTA"	"1"
"CGAACATAGGTAGCTG"	"2"
"CGAACATCACCTATCC"	"0"
"CGAACATGTACCCAAT"	"7"
"CGAACATGTGAAGGCT"	"5"
"CGAACATGTTCCAACA"	"2"
"CGAACATGTTGCGCAC"	"1"
"CGAACATTCCTAGTGA"	"0"
"CGAATGTAGGTCATCT"	"9"
"CGAATGTGTAAGTTCC"	"4"
"CGAATGTGTATTACCG"	"6"
"CGAATGTGTCTTCTCG"	"0"
"CGAATGTGTGTATGGG"	"7"
"CGACCTTAGAAACCAT"	"3"
"CGACCTTCACGAAAGC"	"5"
"CGACCTTGTGACCAAG"	"3"
"CGACCTTGTGTGTGCC"	"1"
"CGACCTTTCTCCAACC"	"1"
"CGACTTCAGACTAAGT"	"0"
"CGACTTCAGGATGTAT"	"3"
"CGACTTCCAATCTGCA"	"2"
"CGACTTCCAATTCCTT"	"1"
"CGAGAAGCAAATCCGT"	"2"
"CGAGAAGCAATCGGTT"	"0"
"CGAGAAGCACACAGAG"	"7"
"CGAGAAGCAGTGACAG"	"0"
"CGAGAAGGTAGAAAGG"	"3"
"CGAGAAGTCAGCTCTC"	"0"
"CGAGAAGTCGAATGCT"	"1"
"CGAGCACAGTGACATA"	"3"
"CGAGCACCATCAGTCA"	"3"
"CGAGCACGTCTTCGTC"	"4"
"CGAGCCACAATACGCT"	"5"
"CGAGCCAGTGCAGTAG"	"1"
"CGAGCCATCGAACTGT"	"1"
"CGAGCCATCGGTTAAC"	"1"
"CGATCGGAGCGTGAAC"	"5"
"CGATCGGAGCTACCTA"	"0"
"CGATCGGCACAACGTT"	"0"
"CGATCGGCAGTGACAG"	"1"
"CGATCGGTCTGTCAAG"	"2"
"CGATGGCAGCACCGTC"	"0"
"CGATGGCAGGACATTA"	"0"
"CGATGGCAGTGCTGCC"	"2"
"CGATGGCCATATACCG"	"1"
"CGATGGCCATGGTAGG"	"2"
"CGATGGCTCATATCGG"	"0"
"CGATGTAAGTCGTTTG"	"7"
"CGATGTACACGGTAGA"	"1"
"CGATGTATCGTCACGG"	"4"
"CGATTGACAATGGAGC"	"2"
"CGATTGACACGGCCAT"	"5"
"CGATTGACAGTCTTCC"	"8"
"CGATTGATCCAATGGT"	"3"
"CGCCAAGAGTGGAGAA"	"7"
"CGCCAAGGTTCACCTC"	"3"
"CGCGGTACACATGACT"	"2"
"CGCGGTACAGTTCATG"	"0"
"CGCGGTAGTCGAACAG"	"0"
"CGCGGTAGTGATAAGT"	"1"
"CGCGGTAGTTATGTGC"	"2"
"CGCGGTATCACCATAG"	"0"
"CGCGGTATCCAGAAGG"	"0"
"CGCGTTTTCCGTAGGC"	"1"
"CGCTATCAGCAGCGTA"	"0"
"CGCTATCGTTCCGGCA"	"1"
"CGCTATCTCCTCTAGC"	"0"
"CGCTATCTCTTACCTA"	"9"
"CGCTGGAAGCTAGTCT"	"4"
"CGCTGGAAGGATGGAA"	"4"
"CGCTGGAAGGATGGTC"	"3"
"CGCTGGACACAGCCCA"	"1"
"CGCTGGACATGAGCGA"	"3"
"CGCTGGAGTAACGTTC"	"1"
"CGCTGGAGTGCAGGTA"	"9"
"CGCTTCATCGCGTTTC"	"7"
"CGCTTCATCTACTCAT"	"2"
"CGGACACGTCCAACTA"	"3"
"CGGACACTCGTAGATC"	"1"
"CGGACGTAGCTAAACA"	"7"
"CGGACGTAGCTAACTC"	"0"
"CGGACGTCACGGTAGA"	"3"
"CGGACGTGTTATGTGC"	"4"
"CGGACGTTCTATCGCC"	"1"
"CGGACTGGTGCGGTAA"	"0"
"CGGACTGTCAGTTCGA"	"8"
"CGGACTGTCCGAGCCA"	"1"
"CGGAGCTCAGATGGCA"	"3"
"CGGAGCTCATGCCTAA"	"4"
"CGGAGCTGTAAGCACG"	"0"
"CGGAGCTGTCGAGTTT"	"4"
"CGGAGCTGTTACTGAC"	"1"
"CGGAGTCAGCCACGCT"	"2"
"CGGAGTCAGGCCGAAT"	"0"
"CGGAGTCCAATAGCAA"	"8"
"CGGAGTCTCATGTCTT"	"0"
"CGGAGTCTCGGTGTCG"	"3"
"CGGAGTCTCTGCTTGC"	"5"
"CGGCTAGAGACAGGCT"	"3"
"CGGCTAGAGCGGATCA"	"1"
"CGGCTAGAGCGTGTCC"	"5"
"CGGCTAGGTATAGGGC"	"2"
"CGGCTAGGTATCACCA"	"6"
"CGGCTAGTCTTCGGTC"	"8"
"CGGGTCAGTTCGGGCT"	"0"
"CGGTTAAGTAAGAGAG"	"5"
"CGGTTAAGTGAGCGAT"	"0"
"CGGTTAAGTGGTACAG"	"4"
"CGGTTAATCCCAACGG"	"4"
"CGTAGCGAGACTGTAA"	"4"
"CGTAGCGAGTGGTCCC"	"1"
"CGTAGCGAGTTACGGG"	"3"
"CGTAGCGGTAGCGCAA"	"0"
"CGTAGCGGTTAGATGA"	"8"
"CGTAGGCAGAAGGTGA"	"0"
"CGTAGGCCACTGTGTA"	"0"
"CGTAGGCCAGGCAGTA"	"0"
"CGTAGGCCATAAAGGT"	"0"
"CGTAGGCCATGTAAGA"	"0"
"CGTAGGCCATTCTTAC"	"5"
"CGTAGGCCATTGTGCA"	"0"
"CGTAGGCTCAACACAC"	"1"
"CGTCACTAGGGCTTCC"	"5"
"CGTCACTCACGCTTTC"	"0"
"CGTCACTGTCTCACCT"	"0"
"CGTCACTGTGAGTGAC"	"8"
"CGTCACTTCGGAGCAA"	"3"
"CGTCAGGAGCTGCAAG"	"4"
"CGTCAGGAGGCAGGTT"	"5"
"CGTCAGGCAAGTAATG"	"8"
"CGTCAGGCAGCGTTCG"	"5"
"CGTCAGGCATGTCCTC"	"0"
"CGTCAGGTCAAAGACA"	"0"
"CGTCCATAGAAGGTTT"	"5"
"CGTCCATAGAGTGAGA"	"4"
"CGTCCATAGGGTGTTG"	"2"
"CGTCCATTCGGCATCG"	"4"
"CGTCTACAGGTGCAAC"	"8"
"CGTCTACAGTACCGGA"	"5"
"CGTCTACCACGACTCG"	"0"
"CGTCTACGTGAGGGAG"	"1"
"CGTCTACGTGGACGAT"	"0"
"CGTGAGCAGATGGCGT"	"1"
"CGTGAGCAGCAATCTC"	"3"
"CGTGAGCAGCGCCTCA"	"1"
"CGTGAGCGTGCGGTAA"	"3"
"CGTGAGCTCCAAAGTC"	"2"
"CGTGAGCTCCTGTAGA"	"6"
"CGTGTAAAGTAGGCCA"	"2"
"CGTGTAATCAGGTTCA"	"4"
"CGTGTAATCCGAGCCA"	"8"
"CGTGTAATCTTGACGA"	"4"
"CGTGTCTAGGGTGTTG"	"0"
"CGTGTCTCAAGCTGGA"	"4"
"CGTGTCTCAGACGCCT"	"3"
"CGTTAGAAGAGCCTAG"	"2"
"CGTTAGACAGACTCGC"	"4"
"CGTTAGAGTCTCTCGT"	"5"
"CGTTAGAGTTTGGCGC"	"2"
"CGTTCTGAGGGATCTG"	"0"
"CGTTCTGCACCTGGTG"	"4"
"CGTTCTGCATCAGTAC"	"3"
"CGTTCTGGTGAGGGAG"	"2"
"CGTTCTGTCCGTCAAA"	"3"
"CGTTGGGAGTATCTCG"	"0"
"CGTTGGGAGTGCGATG"	"0"
"CGTTGGGCAATAAGCA"	"3"
"CGTTGGGCACGCATCG"	"2"
"CGTTGGGGTCTGGTCG"	"5"
"CTAACTTAGTTAACGA"	"2"
"CTAACTTTCGCCATAA"	"4"
"CTAAGACAGAGACGAA"	"0"
"CTAAGACAGTCTCCTC"	"5"
"CTAAGACCAATCCAAC"	"0"
"CTAAGACCACCTTGTC"	"7"
"CTAAGACGTAAATGTG"	"2"
"CTAATGGCATAAGACA"	"1"
"CTAATGGGTTCCTCCA"	"5"
"CTACACCAGACGCAAC"	"3"
"CTACACCAGATGCGAC"	"4"
"CTACACCAGTGGTAGC"	"1"
"CTACACCCAGGGATTG"	"0"
"CTACACCGTACGACCC"	"4"
"CTACACCGTTCCGTCT"	"2"
"CTACATTAGACAGACC"	"3"
"CTACATTAGGACTGGT"	"2"
"CTACATTAGTAGATGT"	"4"
"CTACATTCAAACGTGG"	"0"
"CTACATTCAGTAACGG"	"0"
"CTACATTTCTCCCTGA"	"3"
"CTACCCAAGGAGTTGC"	"2"
"CTACCCAAGGATGGAA"	"0"
"CTACCCAAGGGTCTCC"	"2"
"CTACCCAAGTACGCGA"	"1"
"CTACCCAGTAGAGCTG"	"3"
"CTACCCATCGTTTATC"	"1"
"CTACGTCAGTGTACTC"	"0"
"CTACGTCCATGTCTCC"	"2"
"CTACGTCGTAGCGATG"	"8"
"CTACGTCTCCTATTCA"	"1"
"CTAGAGTAGCAGCCTC"	"2"
"CTAGAGTAGCTGAAAT"	"2"
"CTAGAGTTCACCACCT"	"4"
"CTAGCCTAGGAGCGTT"	"0"
"CTAGCCTAGGTGTTAA"	"3"
"CTAGCCTAGTGCGTGA"	"3"
"CTAGCCTCAATGGATA"	"2"
"CTAGCCTGTCACAAGG"	"7"
"CTAGCCTGTCTAGCCG"	"3"
"CTAGCCTTCGGCCGAT"	"5"
"CTAGCCTTCTGTCTCG"	"5"
"CTAGTGAAGATCGATA"	"1"
"CTAGTGAAGCCACGCT"	"5"
"CTAGTGAAGCTGAACG"	"6"
"CTAGTGACAAACGCGA"	"0"
"CTAGTGACACCAGATT"	"5"
"CTAGTGACACCGAATT"	"0"
"CTAGTGACACTGTTAG"	"2"
"CTCACACAGAACAATC"	"0"
"CTCACACAGCGTGAGT"	"6"
"CTCACACAGGGAGTAA"	"2"
"CTCACACCAAGCCGCT"	"0"
"CTCACACCACTGTTAG"	"1"
"CTCACACCATGCTGGC"	"3"
"CTCACACTCGCATGGC"	"2"
"CTCAGAACATACGCTA"	"0"
"CTCAGAACATCCCACT"	"2"
"CTCAGAACATGAAGTA"	"5"
"CTCAGAAGTCTAAAGA"	"7"
"CTCAGAAGTTTAGCTG"	"1"
"CTCATTAGTTGCCTCT"	"1"
"CTCATTATCGCCCTTA"	"0"
"CTCATTATCGGGAGTA"	"2"
"CTCCTAGAGGACATTA"	"2"
"CTCCTAGCAGGCTCAC"	"7"
"CTCCTAGCATACGCCG"	"2"
"CTCCTAGCATTCACTT"	"2"
"CTCCTAGGTGCGGTAA"	"0"
"CTCCTAGGTTCACGGC"	"3"
"CTCCTAGGTTCCGGCA"	"4"
"CTCCTAGTCGCAAGCC"	"0"
"CTCCTAGTCTAACTCT"	"3"
"CTCGAAAAGATGTGGC"	"3"
"CTCGAAACAAGGGTCA"	"0"
"CTCGAAACAGGCGATA"	"1"
"CTCGAAAGTTCGGGCT"	"5"
"CTCGAAATCCGTAGGC"	"3"
"CTCGAAATCCTCATTA"	"5"
"CTCGAAATCTACCTGC"	"0"
"CTCGAGGAGACTAGGC"	"4"
"CTCGAGGCAGAAGCAC"	"0"
"CTCGAGGCAGAGTGTG"	"0"
"CTCGAGGCAGCCTATA"	"0"
"CTCGAGGCATGCTAGT"	"0"
"CTCGAGGGTCGCGGTT"	"0"
"CTCGAGGGTGTTCTTT"	"3"
"CTCGAGGTCAGCTCTC"	"2"
"CTCGAGGTCCTCGCAT"	"3"
"CTCGAGGTCTTATCTG"	"0"
"CTCGGAGCACAGTCGC"	"0"
"CTCGGAGGTGAAATCA"	"1"
"CTCGGAGTCAAGGCTT"	"5"
"CTCGGGAAGTAGCGGT"	"4"
"CTCGGGATCCTGCTTG"	"1"
"CTCGGGATCTCTAAGG"	"0"
"CTCGTACGTGAGGGAG"	"7"
"CTCGTACGTTTGGCGC"	"1"
"CTCGTCAAGCTCCCAG"	"4"
"CTCGTCAGTTTAGGAA"	"2"
"CTCGTCATCCTAGGGC"	"5"
"CTCGTCATCTAACTTC"	"4"
"CTCTAATAGGCCATAG"	"4"
"CTCTAATAGTCCCACG"	"4"
"CTCTAATAGTGGGATC"	"5"
"CTCTAATAGTTGAGAT"	"2"
"CTCTAATGTTTCCACC"	"3"
"CTCTAATTCAGGCAAG"	"1"
"CTCTAATTCCCTCTTT"	"7"
"CTCTAATTCGAATCCA"	"1"
"CTCTACGAGAGACTTA"	"7"
"CTCTACGAGCGTTTAC"	"3"
"CTCTACGCAGACGCTC"	"0"
"CTCTACGCATGCATGT"	"4"
"CTCTACGGTATTCTCT"	"2"
"CTCTACGGTGGTCCGT"	"4"
"CTCTACGTCGCATGAT"	"3"
"CTCTGGTAGACTGTAA"	"4"
"CTCTGGTAGCAAATCA"	"4"
"CTCTGGTAGGGTCTCC"	"1"
"CTCTGGTCAGATGGGT"	"0"
"CTCTGGTTCCGTACAA"	"0"
"CTGAAACAGCCGATTT"	"2"
"CTGAAACGTAGGCATG"	"7"
"CTGAAACTCTGATTCT"	"4"
"CTGAAACTCTGTCCGT"	"0"
"CTGAAGTAGTAGGTGC"	"5"
"CTGAAGTCAACTGCTA"	"3"
"CTGAAGTCAAGAAGAG"	"3"
"CTGAAGTCAATGAATG"	"0"
"CTGAAGTCACCGAAAG"	"4"
"CTGAAGTCATACTACG"	"4"
"CTGAAGTGTTTGTTGG"	"7"
"CTGATAGAGCCACGCT"	"2"
"CTGATAGAGGACAGAA"	"3"
"CTGATAGCAAATACAG"	"2"
"CTGATAGCAAGAGTCG"	"2"
"CTGATAGGTAGCGTAG"	"3"
"CTGATAGTCGCAGGCT"	"4"
"CTGATAGTCTCACATT"	"3"
"CTGATCCAGACTAGAT"	"8"
"CTGATCCCAGTGGGAT"	"4"
"CTGATCCGTAGGCTGA"	"0"
"CTGCCTACAGTCGATT"	"8"
"CTGCCTAGTTCCTCCA"	"8"
"CTGCCTATCAGAGGTG"	"4"
"CTGCCTATCCTCAATT"	"0"
"CTGCGGACAATCCAAC"	"4"
"CTGCGGACACTTCGAA"	"0"
"CTGCGGACAGTGACAG"	"3"
"CTGCGGACATTACGAC"	"2"
"CTGCGGAGTTCGTGAT"	"3"
"CTGCGGAGTTTGACAC"	"4"
"CTGCTGTAGCAGGCTA"	"0"
"CTGGTCTAGGGAGTAA"	"0"
"CTGGTCTAGGGCACTA"	"0"
"CTGGTCTCACATTTCT"	"2"
"CTGGTCTCAGTAGAGC"	"3"
"CTGGTCTGTAAGGGCT"	"5"
"CTGGTCTGTAGATTAG"	"0"
"CTGGTCTTCGTATCAG"	"3"
"CTGTGCTAGAACTCGG"	"0"
"CTGTGCTAGATCCCAT"	"0"
"CTGTGCTAGGTAGCCA"	"4"
"CTGTGCTCATGACGGA"	"1"
"CTGTGCTGTAAATGTG"	"3"
"CTGTTTACAAACAACA"	"1"
"CTGTTTACAGCTTCGG"	"0"
"CTGTTTAGTTCTGGTA"	"3"
"CTGTTTATCGCGTTTC"	"7"
"CTTAACTCAGCCTATA"	"3"
"CTTAACTCATTACGAC"	"0"
"CTTAACTGTGCTGTAT"	"7"
"CTTAACTGTTAAGGGC"	"0"
"CTTACCGAGAGCCCAA"	"3"
"CTTACCGAGTTAGGTA"	"0"
"CTTACCGCAAGCTGGA"	"0"
"CTTACCGCAGTCACTA"	"0"
"CTTACCGCATACCATG"	"5"
"CTTACCGGTGAAGGCT"	"0"
"CTTACCGGTGACCAAG"	"9"
"CTTACCGTCCACTGGG"	"2"
"CTTAGGAAGTCCGTAT"	"1"
"CTTAGGAAGTGTCCCG"	"4"
"CTTAGGACATCGGAAG"	"6"
"CTTAGGACATCGGTTA"	"2"
"CTTCTCTAGTTCGCGC"	"2"
"CTTCTCTCAGACAAGC"	"4"
"CTTCTCTGTTAGGGTG"	"7"
"CTTCTCTGTTTACTCT"	"8"
"CTTCTCTTCCTAGGGC"	"5"
"CTTCTCTTCTGACCTC"	"2"
"CTTGGCTAGATGGCGT"	"1"
"CTTGGCTAGTCGTTTG"	"0"
"CTTGGCTCAGGGTACA"	"0"
"CTTGGCTTCCCGGATG"	"2"
"CTTGGCTTCTCGATGA"	"0"
"CTTTGCGCAAGTACCT"	"2"
"CTTTGCGCACAGTCGC"	"3"
"CTTTGCGGTACCAGTT"	"5"
"CTTTGCGGTATAGGTA"	"2"
"CTTTGCGGTCGAAAGC"	"6"
"CTTTGCGGTGCCTGCA"	"0"
"CTTTGCGTCAACACAC"	"2"
"CTTTGCGTCTACTTAC"	"2"
"GAAACTCAGGGCTCTC"	"5"
"GAAACTCCAAGGTTCT"	"2"
"GAAACTCGTTCTGGTA"	"8"
"GAAACTCGTTGAGTTC"	"3"
"GAAATGAAGATAGTCA"	"3"
"GAAATGAAGTTCGATC"	"4"
"GAAATGACAAGAAAGG"	"2"
"GAAATGACACGTCTCT"	"4"
"GAAATGAGTTCAGCGC"	"8"
"GAAATGATCCCAGGTG"	"1"
"GAAATGATCGTAGATC"	"0"
"GAACATCAGAGTTGGC"	"0"
"GAACATCAGCGCTTAT"	"1"
"GAACATCCACGACGAA"	"0"
"GAACATCGTAAATGAC"	"3"
"GAACATCGTGATGTGG"	"4"
"GAACATCTCATAACCG"	"4"
"GAACATCTCCTGTAGA"	"0"
"GAACCTACAATTCCTT"	"7"
"GAACCTACACTTGGAT"	"5"
"GAACCTACAGTGAGTG"	"1"
"GAACCTATCCATGAAC"	"2"
"GAACCTATCTGACCTC"	"2"
"GAACGGAAGATATACG"	"0"
"GAACGGAAGATGTGGC"	"4"
"GAACGGACAATCCAAC"	"5"
"GAAGCAGAGACTTTCG"	"4"
"GAAGCAGAGCAATATG"	"5"
"GAAGCAGAGGCTAGCA"	"1"
"GAAGCAGCACGGCGTT"	"3"
"GAAGCAGGTGCACGAA"	"2"
"GAATAAGCAAGAAAGG"	"2"
"GAATAAGCATAAGACA"	"5"
"GAATAAGGTAAATGAC"	"5"
"GAATAAGTCAGAGGTG"	"6"
"GAATGAAAGGATCGCA"	"4"
"GAATGAAAGTCCTCCT"	"0"
"GAATGAACATTCACTT"	"0"
"GAATGAATCCTTGACC"	"0"
"GAATGAATCGAGAGCA"	"2"
"GACACGCAGCCTATGT"	"3"
"GACACGCAGCGTTCCG"	"0"
"GACACGCAGCTAAGAT"	"1"
"GACACGCCATCGACGC"	"9"
"GACACGCGTTCATGGT"	"1"
"GACACGCTCAGTTTGG"	"0"
"GACACGCTCTGCAAGT"	"0"
"GACAGAGAGGACACCA"	"4"
"GACAGAGAGGTCATCT"	"4"
"GACAGAGGTTCAGCGC"	"0"
"GACAGAGGTTGTTTGG"	"1"
"GACAGAGTCTAACTGG"	"0"
"GACAGAGTCTTCATGT"	"0"
"GACCAATAGATGTCGG"	"6"
"GACCAATAGCTTCGCG"	"2"
"GACCAATAGGGAACGG"	"5"
"GACCAATGTCCTCTTG"	"4"
"GACCAATGTCTAACGT"	"0"
"GACCAATGTGCACTTA"	"1"
"GACCAATTCGCGATCG"	"0"
"GACCTGGAGCTGTTCA"	"1"
"GACCTGGCAAAGAATC"	"3"
"GACCTGGCATGGTCTA"	"0"
"GACCTGGGTACATGTC"	"2"
"GACCTGGGTAGCCTAT"	"5"
"GACCTGGTCAACACCA"	"4"
"GACCTGGTCATCGCTC"	"7"
"GACGCGTAGGCCATAG"	"0"
"GACGCGTGTGACTACT"	"0"
"GACGCGTGTGGTAACG"	"1"
"GACGCGTTCCCTTGTG"	"3"
"GACGCGTTCTATCCCG"	"2"
"GACGGCTAGCCTATGT"	"3"
"GACGGCTCAAACCTAC"	"2"
"GACGGCTCAGGTCTCG"	"6"
"GACGGCTGTCTAAACC"	"0"
"GACGGCTTCTGGTGTA"	"0"
"GACGTGCCAAGTTCTG"	"2"
"GACGTGCCACTATCTT"	"7"
"GACGTGCGTAAGGATT"	"1"
"GACGTGCGTCTGCGGT"	"2"
"GACGTGCGTTCGGCAC"	"1"
"GACGTGCTCAGGCCCA"	"2"
"GACGTGCTCAGTCAGT"	"0"
"GACGTGCTCGAACGGA"	"0"
"GACGTGCTCGAATCCA"	"0"
"GACGTTAAGGATCGCA"	"3"
"GACGTTACAGGCAGTA"	"3"
"GACGTTAGTCATCCCT"	"6"
"GACGTTAGTGAGTGAC"	"1"
"GACGTTAGTGATAAAC"	"2"
"GACGTTAGTGTGACGA"	"5"
"GACGTTATCGAGAACG"	"5"
"GACTAACAGATGCGAC"	"4"
"GACTAACCAAGTTGTC"	"2"
"GACTAACCACCTCGTT"	"1"
"GACTAACGTCCGAACC"	"3"
"GACTAACTCTATCCCG"	"7"
"GACTAACTCTTACCTA"	"4"
"GACTACACACATGACT"	"4"
"GACTACACACTGCCAG"	"0"
"GACTACAGTAGAGCTG"	"2"
"GACTACATCTGGAGCC"	"6"
"GACTGCGAGAGTTGGC"	"0"
"GACTGCGAGGCTCATT"	"0"
"GACTGCGAGGTGTTAA"	"2"
"GACTGCGCACCGAAAG"	"2"
"GACTGCGCAGACGCAA"	"0"
"GACTGCGCATAGACTC"	"1"
"GACTGCGGTCAGCTAT"	"5"
"GAGCAGATCCGCATAA"	"1"
"GAGGTGACAGATCCAT"	"3"
"GAGGTGACAGTTTACG"	"2"
"GAGGTGAGTCCCTACT"	"0"
"GAGTCCGCAAGAAGAG"	"5"
"GAGTCCGCATGCTAGT"	"0"
"GAGTCCGGTCTAGCGC"	"0"
"GAGTCCGGTTCGGGCT"	"0"
"GAGTCCGTCTCCTATA"	"3"
"GATCAGTCATACTACG"	"0"
"GATCAGTGTACTCTCC"	"0"
"GATCAGTGTGTATGGG"	"3"
"GATCGATAGCTAGCCC"	"0"
"GATCGATAGGGCTTGA"	"0"
"GATCGATCACGGTTTA"	"1"
"GATCGATCATCACGTA"	"2"
"GATCGATGTAAAGTCA"	"0"
"GATCGATGTTATGTGC"	"0"
"GATCGATGTTGAGGTG"	"3"
"GATCGATTCCGTACAA"	"3"
"GATCGCGAGATGTGTA"	"0"
"GATCGCGAGCGATGAC"	"4"
"GATCGCGCAGTAAGAT"	"1"
"GATCGCGGTTTGACAC"	"1"
"GATCGCGTCACTATTC"	"0"
"GATCGCGTCCACGACG"	"5"
"GATCGTAAGATGCCAG"	"7"
"GATCGTAAGCCTTGAT"	"6"
"GATCGTAAGGAGTTTA"	"0"
"GATCGTACAACGCACC"	"8"
"GATCGTACAGGTCTCG"	"2"
"GATCGTAGTAAATGAC"	"0"
"GATCGTAGTTTGTGTG"	"0"
"GATCTAGCATAGACTC"	"2"
"GATCTAGGTCTAGTGT"	"0"
"GATCTAGTCTTTAGGG"	"1"
"GATGAAAAGGTAGCCA"	"5"
"GATGAAACACAACTGT"	"0"
"GATGAAACATCCCACT"	"0"
"GATGAAATCCAAGTAC"	"0"
"GATGAGGAGGTAGCTG"	"3"
"GATGAGGCAGAGTGTG"	"3"
"GATGAGGCAGGCGATA"	"3"
"GATGAGGTCGCCAAAT"	"4"
"GATGCTACAAAGTGCG"	"4"
"GATGCTAGTTCACCTC"	"2"
"GATGCTATCAGAGCTT"	"4"
"GATGCTATCCGCTGTT"	"5"
"GATTCAGAGATAGGAG"	"0"
"GATTCAGCAATCAGAA"	"2"
"GATTCAGCAATCGGTT"	"0"
"GATTCAGCACCCATTC"	"0"
"GATTCAGGTTACGTCA"	"5"
"GCAAACTAGTACGTTC"	"3"
"GCAAACTCAGCAGTTT"	"1"
"GCAAACTCAGGCGATA"	"0"
"GCAAACTGTCGAAAGC"	"0"
"GCAAACTGTGCAGTAG"	"3"
"GCAAACTTCACCATAG"	"2"
"GCAAACTTCTCAAGTG"	"3"
"GCAAACTTCTGACCTC"	"0"
"GCAATCAAGCTATGCT"	"0"
"GCAATCAAGTAGATGT"	"1"
"GCAATCACAATGGAGC"	"3"
"GCAATCAGTTATCGGT"	"3"
"GCAATCATCGGCCGAT"	"5"
"GCACATACACGCGAAA"	"0"
"GCACATACAGCATACT"	"3"
"GCACATACAGGGCATA"	"1"
"GCACATACATCCGGGT"	"3"
"GCACATACATCGTCGG"	"0"
"GCACATAGTAAATGTG"	"2"
"GCACATAGTCATACTG"	"2"
"GCACATATCGCCCTTA"	"0"
"GCACTCTAGGGCTTCC"	"1"
"GCACTCTGTTCCACTC"	"1"
"GCACTCTTCTCTTGAT"	"3"
"GCACTCTTCTGTCTCG"	"2"
"GCAGCCAAGGGAACGG"	"3"
"GCAGCCACAACACGCC"	"4"
"GCAGCCAGTATATGAG"	"5"
"GCAGCCAGTTACGACT"	"0"
"GCAGCCAGTTTGGCGC"	"5"
"GCAGCCATCCGTACAA"	"3"
"GCAGCCATCTCCGGTT"	"6"
"GCAGTTAAGAAGGTTT"	"6"
"GCAGTTAAGGGAACGG"	"0"
"GCAGTTAAGTTAACGA"	"3"
"GCAGTTACATGTAAGA"	"0"
"GCAGTTAGTTCAGGCC"	"1"
"GCAGTTAGTTGCTCCT"	"1"
"GCATACAAGTAGATGT"	"6"
"GCATACACATCTCCCA"	"0"
"GCATACATCTGTCAAG"	"1"
"GCATGATAGTTAAGTG"	"5"
"GCATGATAGTTGTAGA"	"1"
"GCATGATCAAGCCGCT"	"0"
"GCATGATGTACTTAGC"	"1"
"GCATGATGTCTTCTCG"	"2"
"GCATGATTCCAGAAGG"	"2"
"GCATGATTCCGATATG"	"3"
"GCATGCGAGATGGCGT"	"4"
"GCATGCGCATCCCACT"	"0"
"GCATGCGGTATATCCG"	"4"
"GCATGCGGTTACGGAG"	"0"
"GCATGTAAGTTTCCTT"	"4"
"GCATGTACAGACGCAA"	"0"
"GCATGTAGTCCGACGT"	"0"
"GCATGTATCTACTTAC"	"4"
"GCCAAATAGGACAGAA"	"1"
"GCCAAATGTCACTGGC"	"5"
"GCCAAATGTCATATCG"	"2"
"GCCAAATTCCCTAATT"	"5"
"GCCAAATTCCTACAGA"	"1"
"GCCTCTAAGCCGGTAA"	"1"
"GCCTCTAAGCGTGTCC"	"3"
"GCCTCTAAGCTGCCCA"	"0"
"GCCTCTACAATCTACG"	"4"
"GCCTCTAGTCGGGTCT"	"2"
"GCCTCTAGTGAGTATA"	"2"
"GCCTCTAGTGTCTGAT"	"1"
"GCGACCAAGGAATGGA"	"4"
"GCGACCACAGACGCCT"	"8"
"GCGAGAACAATGGACG"	"3"
"GCGAGAACAGTATGCT"	"0"
"GCGAGAAGTACTCGCG"	"0"
"GCGAGAAGTCATATCG"	"5"
"GCGAGAAGTCGCATAT"	"1"
"GCGAGAAGTCGTTGTA"	"0"
"GCGAGAATCGCCAGCA"	"1"
"GCGAGAATCGTACGGC"	"5"
"GCGCAACCAACACCTA"	"1"
"GCGCAACCACTGCCAG"	"0"
"GCGCAACCATGTCTCC"	"0"
"GCGCAACGTAATCGTC"	"2"
"GCGCAACGTATTCTCT"	"3"
"GCGCAACGTGCCTGGT"	"0"
"GCGCAACGTGTTCGAT"	"3"
"GCGCAACTCGCCATAA"	"3"
"GCGCCAACATCTATGG"	"0"
"GCGCCAATCTAACCGA"	"1"
"GCGCGATAGCACCGTC"	"2"
"GCGCGATAGGATGGAA"	"4"
"GCGCGATAGGCAATTA"	"0"
"GCGCGATAGGCTAGCA"	"0"
"GCGCGATAGTGGTCCC"	"9"
"GCGCGATGTAAACCTC"	"0"
"GCGGGTTAGCCGATTT"	"7"
"GCGGGTTAGCTTTGGT"	"6"
"GCGGGTTCATGATCCA"	"3"
"GCTCCTACAATCCGAT"	"1"
"GCTCCTACACAGGAGT"	"3"
"GCTCCTAGTGTGGCTC"	"0"
"GCTCCTAGTTAGTGGG"	"0"
"GCTCCTATCTCGAGTA"	"5"
"GCTCTGTCATGTTCCC"	"1"
"GCTCTGTTCACCCGAG"	"5"
"GCTGCAGCAGGTCCAC"	"5"
"GCTGCAGCATGACGGA"	"4"
"GCTGCAGCATTCGACA"	"1"
"GCTGCAGGTCAACATC"	"4"
"GCTGCAGGTGTGGTTT"	"3"
"GCTGCAGGTTCGCGAC"	"5"
"GCTGCAGTCCATTCTA"	"1"
"GCTGCAGTCCCTTGCA"	"0"
"GCTGCAGTCGTCTGAA"	"2"
"GCTGCAGTCTTTAGGG"	"0"
"GCTGCGAGTGCAGTAG"	"3"
"GCTGCGATCGGAAACG"	"3"
"GCTGCTTAGGATATAC"	"1"
"GCTGCTTAGTGGTAAT"	"3"
"GCTGCTTCAACTGCGC"	"3"
"GCTGCTTCAGGACGTA"	"0"
"GCTGCTTGTCACTGGC"	"5"
"GCTGCTTGTCATGCCG"	"4"
"GCTGCTTGTCCATGAT"	"0"
"GCTGCTTGTCGCATCG"	"2"
"GCTGCTTGTCTTTCAT"	"4"
"GCTGCTTTCATGTAGC"	"3"
"GCTGGGTAGAGGGCTT"	"0"
"GCTGGGTAGGTCATCT"	"0"
"GCTTCCAAGAGGGCTT"	"3"
"GCTTCCAAGGTCGGAT"	"2"
"GCTTCCACAAGCGTAG"	"2"
"GCTTCCACACCTGGTG"	"3"
"GCTTCCAGTCATCGGC"	"0"
"GCTTCCATCGCCATAA"	"6"
"GCTTGAACACGGCGTT"	"4"
"GCTTGAACAGTACACT"	"0"
"GCTTGAAGTTACGACT"	"3"
"GCTTGAAGTTCACCTC"	"2"
"GCTTGAATCTAGCACA"	"1"
"GGAAAGCGTGGACGAT"	"0"
"GGAAAGCTCTTCAACT"	"1"
"GGAACTTAGCGTGAAC"	"5"
"GGAACTTAGTCTCCTC"	"0"
"GGAACTTCAGGATTGG"	"0"
"GGAACTTTCACTTACT"	"5"
"GGAATAAAGACAGACC"	"4"
"GGAATAAAGGGATACC"	"3"
"GGAATAACACGGCCAT"	"1"
"GGAATAACAGGGTACA"	"7"
"GGAATAACAGTACACT"	"2"
"GGAATAATCCCTAACC"	"1"
"GGAATAATCTGTTGAG"	"2"
"GGACAAGAGCAGGCTA"	"0"
"GGACAAGAGGCGACAT"	"1"
"GGACAAGAGGTGCTTT"	"2"
"GGACAAGTCAAGCCTA"	"7"
"GGACAAGTCCATGCTC"	"2"
"GGACAGAAGTTCGCGC"	"3"
"GGACAGACAAAGCGGT"	"1"
"GGACAGACATATACGC"	"0"
"GGACAGATCTCCCTGA"	"8"
"GGACAGATCTTACCTA"	"1"
"GGACATTAGCCGCCTA"	"2"
"GGACATTGTGCACGAA"	"0"
"GGACATTGTTGATTGC"	"3"
"GGACATTTCAGGCCCA"	"0"
"GGACGTCAGTGATCGG"	"2"
"GGACGTCAGTTACGGG"	"4"
"GGACGTCTCGCGATCG"	"2"
"GGAGCAAAGAACTCGG"	"5"
"GGAGCAAAGTGGGCTA"	"1"
"GGAGCAACAAGGACAC"	"5"
"GGAGCAACAATGACCT"	"3"
"GGAGCAACAGCGTAAG"	"2"
"GGAGCAATCAACCAAC"	"2"
"GGAGCAATCACAACGT"	"5"
"GGAGCAATCAGCTCGG"	"4"
"GGAGCAATCATGTAGC"	"0"
"GGATGTTAGCGTGTCC"	"1"
"GGATGTTAGTCTTGCA"	"6"
"GGATGTTTCACCTCGT"	"2"
"GGATTACAGTCCGGTC"	"0"
"GGATTACCAATGCCAT"	"3"
"GGATTACCAGATCGGA"	"0"
"GGATTACGTAGCCTCG"	"4"
"GGATTACTCGGAAACG"	"5"
"GGCAATTAGTACTTGC"	"3"
"GGCAATTAGTGAACGC"	"1"
"GGCAATTCAAGTAGTA"	"2"
"GGCAATTCATCTGGTA"	"5"
"GGCAATTGTAGGCTGA"	"4"
"GGCCGATAGAGCTGCA"	"3"
"GGCCGATAGCGTTTAC"	"0"
"GGCCGATGTGCGATAG"	"4"
"GGCCGATTCCGTTGCT"	"4"
"GGCCGATTCGCGCCAA"	"5"
"GGCGACTGTGTCGCTG"	"4"
"GGCGACTTCAACACTG"	"7"
"GGCGTGTAGTAACCCT"	"1"
"GGCGTGTAGTAGCGGT"	"1"
"GGCGTGTCATTATCTC"	"1"
"GGCTCGAAGCACCGCT"	"4"
"GGCTCGAAGCTGTTCA"	"1"
"GGCTCGAAGGAGTTGC"	"8"
"GGCTCGACAATACGCT"	"2"
"GGCTCGATCCTCATTA"	"1"
"GGCTGGTCATGGGAAC"	"2"
"GGCTGGTGTCTCCCTA"	"0"
"GGCTGGTGTTATCGGT"	"0"
"GGGAATGCACAGACTT"	"4"
"GGGAATGCAGTCGTGC"	"3"
"GGGAATGCATAGTAAG"	"3"
"GGGAATGGTTGGGACA"	"5"
"GGGACCTAGAAGCCCA"	"0"
"GGGACCTAGTGACTCT"	"4"
"GGGACCTCAATCTGCA"	"2"
"GGGACCTCACCCTATC"	"6"
"GGGACCTTCCGCATAA"	"2"
"GGGAGATAGGCTAGAC"	"0"
"GGGAGATCATGTCTCC"	"9"
"GGGAGATGTCGTGGCT"	"5"
"GGGAGATGTGTTGGGA"	"2"
"GGGAGATTCGTGGGAA"	"2"
"GGGAGATTCTTGTTTG"	"4"
"GGGATGACATGATCCA"	"4"
"GGGATGAGTCAACATC"	"7"
"GGGATGAGTCCCGACA"	"5"
"GGGATGATCACCTCGT"	"4"
"GGGATGATCTTACCGC"	"1"
"GGGCACTCAACACGCC"	"1"
"GGGCATCAGCTCTCGG"	"6"
"GGGCATCAGGTGCTAG"	"5"
"GGGCATCAGTAGGCCA"	"0"
"GGGCATCCATTTCACT"	"2"
"GGGCATCTCCTTGCCA"	"0"
"GGGCATCTCCTTGGTC"	"0"
"GGGTCTGAGAAGAAGC"	"2"
"GGGTCTGAGATGTAAC"	"1"
"GGGTCTGCATATGCTG"	"2"
"GGGTCTGGTATGCTTG"	"1"
"GGGTCTGGTCATGCAT"	"3"
"GGGTCTGTCAGCTGGC"	"6"
"GGGTCTGTCCGAATGT"	"0"
"GGGTCTGTCCTCATTA"	"4"
"GGGTTGCAGTACGATA"	"5"
"GGGTTGCAGTCCCACG"	"3"
"GGGTTGCTCCGCATAA"	"0"
"GGTATTGAGAAACCGC"	"5"
"GGTATTGAGCGAAGGG"	"3"
"GGTATTGAGTGATCGG"	"0"
"GGTATTGAGTTCCACA"	"4"
"GGTATTGCACGGCCAT"	"0"
"GGTATTGTCACGGTTA"	"1"
"GGTATTGTCACTTACT"	"1"
"GGTATTGTCAGCTCTC"	"0"
"GGTGAAGAGTAGATGT"	"4"
"GGTGAAGCATCGATTG"	"0"
"GGTGAAGGTCATACTG"	"2"
"GGTGAAGTCGTACCGG"	"4"
"GGTGAAGTCTGCGACG"	"2"
"GGTGCGTAGGATATAC"	"0"
"GGTGCGTAGGTCATCT"	"4"
"GGTGCGTCAAGGTTTC"	"1"
"GGTGCGTGTCCGAATT"	"1"
"GGTGCGTTCCGAGCCA"	"9"
"GGTGCGTTCTTGACGA"	"4"
"GGTGTTACAAATACAG"	"2"
"GGTGTTACAGTTTACG"	"5"
"GGTGTTATCGCAAACT"	"0"
"GTAACGTAGATGGCGT"	"1"
"GTAACGTAGGGATGGG"	"5"
"GTAACGTAGGTTACCT"	"8"
"GTAACGTAGTGTGGCA"	"7"
"GTAACGTGTATAAACG"	"2"
"GTAACGTTCTGGCGTG"	"0"
"GTAACTGAGAGTAATC"	"9"
"GTAACTGCAGGTCTCG"	"1"
"GTAACTGTCTGGTGTA"	"3"
"GTACGTAAGTGCGTGA"	"2"
"GTACGTACAATTCCTT"	"5"
"GTACGTAGTACACCGC"	"0"
"GTACGTAGTCCATGAT"	"1"
"GTACGTAGTTACGCGC"	"1"
"GTACGTAGTTCAGTAC"	"0"
"GTACGTAGTTCTGAAC"	"3"
"GTACGTATCATTGCCC"	"6"
"GTACGTATCCACTGGG"	"4"
"GTACTCCAGAAACCTA"	"1"
"GTACTCCAGGATGCGT"	"1"
"GTACTCCAGGGCACTA"	"0"
"GTACTCCCAAGAGTCG"	"4"
"GTACTCCCACATGGGA"	"4"
"GTACTCCCAGCTGTGC"	"2"
"GTACTCCGTCCGAGTC"	"3"
"GTACTCCGTGCGGTAA"	"2"
"GTACTCCGTGTAAGTA"	"2"
"GTACTCCTCATTATCC"	"0"
"GTACTCCTCCTTTCGG"	"3"
"GTACTCCTCTGTCAAG"	"1"
"GTACTTTAGATAGCAT"	"2"
"GTACTTTGTACCTACA"	"5"
"GTACTTTGTCCAAGTT"	"2"
"GTACTTTGTCGCGGTT"	"1"
"GTACTTTTCCTTTACA"	"3"
"GTAGGCCAGGTAAACT"	"3"
"GTAGGCCAGTACCGGA"	"5"
"GTAGGCCAGTGGGTTG"	"1"
"GTAGGCCCACAGAGGT"	"2"
"GTAGGCCCATTTGCCC"	"2"
"GTAGGCCCATTTGCTT"	"8"
"GTAGGCCGTTACCAGT"	"5"
"GTAGGCCTCAGCTGGC"	"1"
"GTAGGCCTCCAGGGCT"	"4"
"GTAGGCCTCGCAGGCT"	"2"
"GTAGGCCTCGCTTGTC"	"0"
"GTAGTCACACATGTGT"	"2"
"GTAGTCAGTAGGGTAC"	"2"
"GTAGTCATCATTTGGG"	"6"
"GTAGTCATCTGACCTC"	"2"
"GTATCTTAGAAGGCCT"	"3"
"GTATTCTCAAGCGTAG"	"5"
"GTATTCTCAATTGCTG"	"0"
"GTATTCTCAGCTGCTG"	"0"
"GTATTCTCATTACGAC"	"6"
"GTATTCTGTTGATTCG"	"8"
"GTCAAGTAGGACACCA"	"1"
"GTCAAGTCAATGGATA"	"2"
"GTCAAGTCATCAGTAC"	"2"
"GTCAAGTGTGATGATA"	"4"
"GTCACAAAGGACGAAA"	"0"
"GTCACAAAGTTAGGTA"	"1"
"GTCACAACAACACGCC"	"0"
"GTCACAACACGGCTAC"	"2"
"GTCACAACACTTCGAA"	"1"
"GTCACAACATATGCTG"	"0"
"GTCACAATCTGATACG"	"1"
"GTCACGGAGAGTAATC"	"0"
"GTCACGGAGTGGTCCC"	"0"
"GTCACGGCAAGGACTG"	"3"
"GTCACGGGTCTTCTCG"	"0"
"GTCACGGGTTCGTGAT"	"1"
"GTCATTTCAAATTGCC"	"0"
"GTCATTTCAACACCCG"	"1"
"GTCATTTCATCGGGTC"	"2"
"GTCATTTGTCCGTGAC"	"0"
"GTCATTTGTTAAGTAG"	"7"
"GTCATTTTCTCGCATC"	"5"
"GTCCTCAAGCGACGTA"	"4"
"GTCCTCACAGCTGGCT"	"8"
"GTCCTCACAGTGGGAT"	"0"
"GTCCTCACATCAGTAC"	"1"
"GTCCTCAGTGTATGGG"	"4"
"GTCCTCAGTTGATTCG"	"4"
"GTCCTCATCGTCACGG"	"2"
"GTCGGGTAGAGTAAGG"	"4"
"GTCGGGTAGCAATATG"	"0"
"GTCGGGTCAAGGCTCC"	"3"
"GTCGGGTGTAAGTAGT"	"2"
"GTCGGGTGTCTAGCCG"	"1"
"GTCGGGTGTTAAAGAC"	"5"
"GTCGTAAAGTTGAGTA"	"1"
"GTCGTAACAAATTGCC"	"1"
"GTCGTAACAGAGTGTG"	"0"
"GTCGTAAGTCTCCCTA"	"2"
"GTCGTAATCCACGAAT"	"1"
"GTCGTAATCTGAGGGA"	"1"
"GTCTCGTGTAGCTCCG"	"7"
"GTCTCGTTCGGCGCAT"	"0"
"GTCTTCGAGACTAGGC"	"7"
"GTCTTCGAGGCTCAGA"	"0"
"GTCTTCGCATGGTTGT"	"5"
"GTCTTCGTCGTTTATC"	"2"
"GTGAAGGAGATGTTAG"	"1"
"GTGAAGGAGTCGATAA"	"0"
"GTGAAGGAGTGTGGCA"	"6"
"GTGAAGGCAACGCACC"	"2"
"GTGAAGGCATTGAGCT"	"0"
"GTGAAGGTCATCTGTT"	"1"
"GTGAAGGTCGCTTGTC"	"0"
"GTGAAGGTCTTCATGT"	"5"
"GTGCAGCAGTACATGA"	"5"
"GTGCATACAGACGTAG"	"3"
"GTGCATACATCCGGGT"	"4"
"GTGCATATCACAATGC"	"0"
"GTGCATATCCCGGATG"	"3"
"GTGCGGTAGGCCCGTT"	"2"
"GTGCGGTGTCGAACAG"	"6"
"GTGCGGTTCTGCTTGC"	"1"
"GTGCTTCAGCTCTCGG"	"0"
"GTGCTTCCACCCATGG"	"0"
"GTGCTTCGTCCGTGAC"	"3"
"GTGCTTCTCAGCGATT"	"8"
"GTGGGTCCATCCCACT"	"6"
"GTGGGTCTCAACGAAA"	"1"
"GTGGGTCTCAAGCCTA"	"0"
"GTGGGTCTCGCTGATA"	"0"
"GTGTGCGAGATAGCAT"	"2"
"GTGTGCGAGCGTCAAG"	"0"
"GTGTGCGTCTCAAGTG"	"6"
"GTGTGCGTCTCGTATT"	"3"
"GTGTTAGAGATATGCA"	"4"
"GTGTTAGGTAGCGTCC"	"3"
"GTGTTAGGTGACAAAT"	"0"
"GTGTTAGTCTGTCCGT"	"3"
"GTTAAGCAGAACAATC"	"2"
"GTTAAGCAGAAGGACA"	"5"
"GTTAAGCAGAGGGATA"	"2"
"GTTAAGCAGATGCGAC"	"0"
"GTTAAGCTCAACGAAA"	"5"
"GTTAAGCTCCGAACGC"	"3"
"GTTACAGAGCCGTCGT"	"0"
"GTTACAGCAATCAGAA"	"3"
"GTTACAGGTACAGTTC"	"1"
"GTTACAGTCAGAGACG"	"1"
"GTTCATTCACACTGCG"	"4"
"GTTCATTCATTCACTT"	"4"
"GTTCATTGTAGCGATG"	"0"
"GTTCATTGTTACCAGT"	"5"
"GTTCATTGTTCAGACT"	"0"
"GTTCATTTCAGTTTGG"	"4"
"GTTCATTTCCGGCACA"	"1"
"GTTCGGGAGCACAGGT"	"2"
"GTTCGGGCAAGCGAGT"	"0"
"GTTCGGGCATCCAACA"	"1"
"GTTCGGGCATTCCTGC"	"0"
"GTTCGGGGTGCGCTTG"	"8"
"GTTCGGGGTTATGTGC"	"2"
"GTTCGGGGTTGTGGAG"	"6"
"GTTCGGGTCAGCGATT"	"1"
"GTTCGGGTCCTTGGTC"	"0"
"GTTCTCGAGCCAGGAT"	"0"
"GTTCTCGAGCTGATAA"	"3"
"GTTCTCGGTGCCTTGG"	"6"
"GTTTCTATCACTGGGC"	"7"
"GTTTCTATCTGGGCCA"	"3"
"TAAACCGAGTGATCGG"	"5"
"TAAACCGGTGTGGTTT"	"1"
"TAAACCGGTTGATTCG"	"5"
"TAAACCGTCGACCAGC"	"4"
"TAAACCGTCGGCATCG"	"4"
"TAAGAGAAGCAAATCA"	"5"
"TAAGAGAAGTCTCAAC"	"1"
"TAAGAGAAGTTGTAGA"	"3"
"TAAGAGACAGTTCATG"	"0"
"TAAGCGTAGGAGTCTG"	"6"
"TAAGCGTCAATGGAGC"	"9"
"TAAGCGTGTGTCCTCT"	"0"
"TAAGCGTTCTGATACG"	"0"
"TAAGCGTTCTGGTTCC"	"0"
"TAAGTGCCACCAGGCT"	"2"
"TAAGTGCCATGCCTTC"	"6"
"TAAGTGCGTAAGGGAA"	"0"
"TAAGTGCTCAAGCCTA"	"1"
"TAAGTGCTCGGATGGA"	"1"
"TACACGAAGACGACGT"	"5"
"TACACGACACCGGAAA"	"3"
"TACACGACATGTCTCC"	"1"
"TACACGATCCAACCAA"	"0"
"TACACGATCGGCGCTA"	"5"
"TACAGTGCAAGAGGCT"	"0"
"TACAGTGGTATATGGA"	"0"
"TACAGTGGTGGACGAT"	"1"
"TACCTATCAGGACCCT"	"2"
"TACCTATGTATCTGCA"	"4"
"TACCTTAAGTAATCCC"	"4"
"TACCTTACAGCTCGAC"	"0"
"TACGGATAGATCTGCT"	"4"
"TACGGATAGGACTGGT"	"5"
"TACGGATCAGGGTTAG"	"0"
"TACGGATGTCTGCGGT"	"7"
"TACGGGCAGAACAACT"	"0"
"TACGGGCAGCCGTCGT"	"5"
"TACGGGCAGTCCATAC"	"0"
"TACGGGCCAATAGCAA"	"1"
"TACGGTACAAGCCCAC"	"1"
"TACGGTACATTTCAGG"	"4"
"TACGGTAGTCTCTCGT"	"4"
"TACTCATAGACGCAAC"	"2"
"TACTCATAGCAACGGT"	"1"
"TACTCATAGTGCGTGA"	"4"
"TACTCATCAGGCGATA"	"4"
"TACTCGCAGAGCTGGT"	"6"
"TACTCGCAGCAGGCTA"	"3"
"TACTCGCAGGTGCAAC"	"2"
"TACTCGCCACACATGT"	"6"
"TACTCGCGTCGTTGTA"	"0"
"TACTCGCGTGGTTTCA"	"3"
"TACTTACAGTCAATAG"	"1"
"TACTTACCAATGAAAC"	"3"
"TACTTACCATATGGTC"	"1"
"TACTTACGTAACGCGA"	"3"
"TACTTACTCATAGCAC"	"0"
"TACTTACTCCGAATGT"	"2"
"TACTTACTCGTGGACC"	"1"
"TACTTACTCTGGGCCA"	"1"
"TACTTGTAGACAGGCT"	"1"
"TACTTGTAGACCACGA"	"0"
"TACTTGTAGCTGATAA"	"0"
"TACTTGTGTAAGGGAA"	"5"
"TACTTGTGTTTGGGCC"	"0"
"TACTTGTTCAGCTTAG"	"6"
"TACTTGTTCATCACCC"	"6"
"TACTTGTTCCGTTGCT"	"5"
"TAGACCACAAAGAATC"	"9"
"TAGACCACACGTGAGA"	"0"
"TAGACCACACTACAGT"	"4"
"TAGACCACAGCGTAAG"	"5"
"TAGACCAGTAGCTAAA"	"1"
"TAGACCATCGCTAGCG"	"0"
"TAGACCATCGTCACGG"	"1"
"TAGACCATCTAACCGA"	"4"
"TAGAGCTTCTACTTAC"	"2"
"TAGCCGGAGATGTCGG"	"2"
"TAGCCGGAGGAGTACC"	"0"
"TAGCCGGCATCACGTA"	"3"
"TAGCCGGGTGGTTTCA"	"0"
"TAGCCGGTCATGCAAC"	"4"
"TAGGCATAGTATTGGA"	"0"
"TAGGCATAGTCAAGCG"	"5"
"TAGGCATGTCGTCTTC"	"4"
"TAGGCATGTGGTTTCA"	"0"
"TAGGCATTCTCGCTTG"	"3"
"TAGGCATTCTGACCTC"	"2"
"TAGTGGTAGAAACCGC"	"5"
"TAGTGGTAGACGCACA"	"8"
"TAGTGGTAGGATGCGT"	"3"
"TAGTGGTCACCAGTTA"	"0"
"TAGTGGTCAGCGTAAG"	"5"
"TAGTGGTCATCGATTG"	"0"
"TAGTTGGAGCAGACTG"	"3"
"TAGTTGGCAACACGCC"	"4"
"TAGTTGGTCAGATAAG"	"1"
"TATCAGGCAAGAGGCT"	"4"
"TATCAGGCAAGGACTG"	"1"
"TATCAGGTCACAAACC"	"7"
"TATCAGGTCTAACCGA"	"1"
"TATCTCAAGACAAAGG"	"4"
"TATCTCAAGAGGGCTT"	"2"
"TATCTCAAGAGTGAGA"	"0"
"TATCTCAAGCCAACAG"	"0"
"TATCTCAAGCTACCGC"	"0"
"TATCTCATCACCACCT"	"1"
"TATCTCATCATGTCCC"	"1"
"TATCTCATCTTAGAGC"	"3"
"TATGCCCAGAAGGTGA"	"5"
"TATGCCCAGATGAGAG"	"2"
"TATGCCCAGCTCCCAG"	"4"
"TATGCCCAGGCCGAAT"	"4"
"TATGCCCCACAGGTTT"	"2"
"TATGCCCGTCTGATCA"	"4"
"TATGCCCTCAACGGGA"	"4"
"TATGCCCTCACTCCTG"	"6"
"TATGCCCTCCAACCAA"	"2"
"TATGCCCTCGATCCCT"	"5"
"TATTACCCACCACGTG"	"2"
"TATTACCGTCCAGTAT"	"1"
"TATTACCTCAGCGATT"	"4"
"TCAACGAAGAGCTTCT"	"3"
"TCAACGAAGTGCCAGA"	"1"
"TCAACGAGTGTGACGA"	"2"
"TCAATCTAGGACTGGT"	"4"
"TCAATCTAGGGTCTCC"	"0"
"TCAATCTCAGGATTGG"	"8"
"TCAATCTTCTTCATGT"	"3"
"TCACAAGCAAGACACG"	"0"
"TCACAAGGTCCAAGTT"	"0"
"TCACAAGGTCTTCGTC"	"0"
"TCACAAGGTTCATGGT"	"1"
"TCACAAGTCAGCTCGG"	"2"
"TCACAAGTCCAAGCCG"	"8"
"TCACGAAAGTACGCCC"	"3"
"TCACGAAAGTAGCCGA"	"2"
"TCACGAAAGTCCTCCT"	"2"
"TCACGAATCAACGGGA"	"0"
"TCACGAATCCGAACGC"	"1"
"TCACGAATCCTGCTTG"	"3"
"TCAGATGCAAGTACCT"	"1"
"TCAGATGGTACCAGTT"	"4"
"TCAGATGTCTCAAGTG"	"7"
"TCAGCAACAAATTGCC"	"2"
"TCAGCAACATGCCACG"	"9"
"TCAGCAAGTAAGTGGC"	"4"
"TCAGCAAGTCCCTTGT"	"3"
"TCAGCAATCATAAAGG"	"4"
"TCAGCAATCGAATCCA"	"0"
"TCAGCAATCGTACCGG"	"3"
"TCAGCAATCTCGGACG"	"3"
"TCAGCAATCTTGAGAC"	"3"
"TCAGCTCCAATGGTCT"	"0"
"TCAGCTCCAGCTCGAC"	"1"
"TCAGCTCGTCTCTTAT"	"0"
"TCAGCTCTCCTCAACC"	"4"
"TCAGGATAGACTGTAA"	"0"
"TCAGGATGTACTCTCC"	"2"
"TCAGGATGTCGCTTTC"	"1"
"TCAGGATTCAACGAAA"	"3"
"TCAGGATTCTGGGCCA"	"3"
"TCAGGTACAACTGCTA"	"5"
"TCAGGTACAGACAAAT"	"7"
"TCAGGTACAGATGGCA"	"0"
"TCAGGTAGTCATCGGC"	"1"
"TCAGGTAGTGCAGGTA"	"5"
"TCAGGTAGTGTTGGGA"	"5"
"TCAGGTATCACGGTTA"	"2"
"TCAGGTATCTACTCAT"	"6"
"TCATTACAGTGAAGTT"	"3"
"TCATTACCAGGGCATA"	"7"
"TCATTACGTTAAGTAG"	"2"
"TCATTACTCCGTCATC"	"0"
"TCATTTGAGGAGCGAG"	"1"
"TCATTTGCAGGTCGTC"	"0"
"TCATTTGCATCTCCCA"	"1"
"TCATTTGCATGACGGA"	"7"
"TCATTTGGTAACGACG"	"5"
"TCATTTGGTACCGGCT"	"1"
"TCATTTGTCTACCTGC"	"3"
"TCCACACAGTCCCACG"	"0"
"TCCACACCATCCGTGG"	"0"
"TCCACACGTAACGCGA"	"3"
"TCCACACGTATAATGG"	"0"
"TCCACACGTCTACCTC"	"3"
"TCCACACGTGAAAGAG"	"5"
"TCCACACTCCTCAACC"	"0"
"TCCCGATCATCGGGTC"	"4"
"TCCCGATCATGCCCGA"	"5"
"TCCCGATGTTTAGGAA"	"0"
"TCGAGGCAGAGTCGGT"	"1"
"TCGAGGCAGCCGTCGT"	"5"
"TCGAGGCCACGCGAAA"	"2"
"TCGAGGCGTATCAGTC"	"3"
"TCGAGGCGTGGACGAT"	"3"
"TCGAGGCGTTAGTGGG"	"9"
"TCGAGGCTCGTGACAT"	"0"
"TCGAGGCTCTACTTAC"	"5"
"TCGAGGCTCTGCTGCT"	"4"
"TCGCGAGAGGCGATAC"	"1"
"TCGCGAGCAAGCTGTT"	"3"
"TCGCGAGCAATAACGA"	"1"
"TCGCGAGCATCCGTGG"	"5"
"TCGCGAGGTCCGAAGA"	"2"
"TCGCGAGGTTACGACT"	"4"
"TCGCGAGTCACTCCTG"	"0"
"TCGCGTTAGCGTCAAG"	"3"
"TCGCGTTCAGGTCGTC"	"2"
"TCGCGTTTCACAACGT"	"2"
"TCGCGTTTCAGGCCCA"	"1"
"TCGCGTTTCCTATGTT"	"2"
"TCGCGTTTCGTGGACC"	"2"
"TCGGGACAGTTAACGA"	"0"
"TCGGGACCAGTGAGTG"	"0"
"TCGGGACGTGCTCTTC"	"3"
"TCGGTAAAGTGGGATC"	"2"
"TCGGTAACAAGTCTGT"	"2"
"TCGGTAAGTACCGCTG"	"2"
"TCGGTAAGTAGCGTGA"	"3"
"TCGGTAATCTGGTATG"	"1"
"TCGTACCCATGGTAGG"	"4"
"TCGTACCGTCCAGTGC"	"2"
"TCGTAGAAGCTACCTA"	"0"
"TCGTAGACAGGGTACA"	"3"
"TCGTAGATCACCCTCA"	"0"
"TCGTAGATCATCTGTT"	"4"
"TCGTAGATCGTCCGTT"	"3"
"TCGTAGATCTCTGCTG"	"1"
"TCGTAGATCTGTTGAG"	"0"
"TCTATTGAGGTGATTA"	"4"
"TCTATTGCAATCGAAA"	"1"
"TCTCATAAGTTGCAGG"	"3"
"TCTCATACAAGTACCT"	"0"
"TCTCATACATACTCTT"	"0"
"TCTCATAGTTGCGTTA"	"0"
"TCTCATAGTTTCCACC"	"0"
"TCTCATATCAACACCA"	"4"
"TCTCATATCCAAATGC"	"0"
"TCTCTAAAGACCACGA"	"0"
"TCTCTAAGTCTCTCGT"	"5"
"TCTCTAAGTCTTGTCC"	"4"
"TCTCTAAGTGGCGAAT"	"2"
"TCTCTAAGTTTGGGCC"	"0"
"TCTCTAATCGTGGACC"	"3"
"TCTCTAATCTCTTATG"	"5"
"TCTGAGACAAACGCGA"	"2"
"TCTGAGAGTCTCAACA"	"5"
"TCTGAGAGTGGACGAT"	"0"
"TCTGAGATCCAACCAA"	"6"
"TCTGAGATCGGAAACG"	"0"
"TCTGGAAAGAGTGACC"	"0"
"TCTGGAACATCCGTGG"	"6"
"TCTGGAAGTCCATGAT"	"0"
"TCTTCGGAGTGTCCAT"	"4"
"TCTTCGGTCAGAGCTT"	"3"
"TCTTCGGTCCTCAATT"	"2"
"TCTTCGGTCTACCAGA"	"1"
"TCTTTCCGTAATCGTC"	"0"
"TCTTTCCGTGGACGAT"	"2"
"TCTTTCCTCAGGTTCA"	"3"
"TCTTTCCTCCTTAATC"	"0"
"TCTTTCCTCTTGAGGT"	"1"
"TGAAAGAAGTCCATAC"	"1"
"TGAAAGACAATAGAGT"	"1"
"TGAAAGACACATCTTT"	"0"
"TGAAAGAGTAAGGGCT"	"9"
"TGAAAGAGTTTCCACC"	"0"
"TGAAAGATCAAACCGT"	"0"
"TGAAAGATCCAAACAC"	"0"
"TGAAAGATCTGGCGTG"	"0"
"TGACAACAGTGTCCAT"	"2"
"TGACAACCACGAGAGT"	"4"
"TGACAACCACTTCTGC"	"0"
"TGACAACGTCATGCCG"	"1"
"TGACAACTCAGCTCTC"	"9"
"TGACAACTCATCGCTC"	"3"
"TGACGGCAGTAACCCT"	"9"
"TGACGGCCAAGCGTAG"	"9"
"TGACGGCCAATCCAAC"	"1"
"TGACGGCCACGAAAGC"	"2"
"TGACGGCCATGAGCGA"	"1"
"TGACGGCGTCTGATCA"	"2"
"TGACGGCGTCTTGATG"	"6"
"TGACGGCGTTCAGACT"	"4"
"TGACGGCTCACTGGGC"	"4"
"TGACTAGAGCTCCTTC"	"6"
"TGACTAGAGTATGACA"	"2"
"TGACTAGAGTTGAGAT"	"2"
"TGACTAGGTCACCCAG"	"5"
"TGACTAGGTCGTTGTA"	"6"
"TGACTAGTCAGGTAAA"	"0"
"TGACTAGTCCCAAGAT"	"3"
"TGACTAGTCGTCTGCT"	"5"
"TGACTAGTCTTTCCTC"	"7"
"TGACTTTAGTGGAGAA"	"3"
"TGACTTTCAGTATCTG"	"2"
"TGACTTTCATGCCACG"	"3"
"TGACTTTGTCGAGTTT"	"2"
"TGACTTTGTGTTCTTT"	"1"
"TGACTTTTCCAATGGT"	"1"
"TGAGAGGCAAACTGCT"	"0"
"TGAGAGGCACACATGT"	"0"
"TGAGAGGGTATGGTTC"	"2"
"TGAGAGGGTTCCACTC"	"4"
"TGAGAGGTCTGCTGCT"	"4"
"TGAGCATCAGTGGGAT"	"5"
"TGAGCATGTGCTTCTC"	"4"
"TGAGCATTCAATAAGG"	"2"
"TGAGCATTCGAGAGCA"	"4"
"TGAGCATTCGGCGCTA"	"2"
"TGAGCCGAGAAGGTTT"	"1"
"TGAGCCGCAATGGAAT"	"0"
"TGAGCCGCATTCTCAT"	"5"
"TGAGCCGGTACCGTAT"	"1"
"TGAGCCGGTTGTACAC"	"2"
"TGAGGGAAGCTACCTA"	"2"
"TGAGGGAAGGATATAC"	"2"
"TGAGGGACACAGGAGT"	"4"
"TGAGGGATCTTAACCT"	"4"
"TGATTTCCAAGCCATT"	"2"
"TGATTTCCAGGAATGC"	"1"
"TGATTTCGTAGAGTGC"	"6"
"TGATTTCTCTTCAACT"	"1"
"TGCACCTAGTAGCGGT"	"0"
"TGCACCTCAAGCCGCT"	"0"
"TGCACCTCAATAAGCA"	"2"
"TGCACCTCACCTATCC"	"0"
"TGCACCTCAGAGTGTG"	"2"
"TGCACCTGTCTCGTTC"	"7"
"TGCACCTTCTCGAGTA"	"1"
"TGCACCTTCTGCTTGC"	"2"
"TGCCAAAAGCGCTCCA"	"2"
"TGCCAAAAGCGTCAAG"	"3"
"TGCCAAAAGGTACTCT"	"5"
"TGCCAAACAATAGCAA"	"4"
"TGCCCATAGGTGTTAA"	"4"
"TGCCCTAAGCCGGTAA"	"3"
"TGCCCTACATGCCCGA"	"1"
"TGCCCTATCAACTCTT"	"2"
"TGCGCAGAGAATTGTG"	"1"
"TGCGCAGAGCTGCGAA"	"4"
"TGCGCAGCAGTACACT"	"4"
"TGCGCAGGTGACAAAT"	"2"
"TGCGCAGGTTCGTGAT"	"3"
"TGCGGGTTCAGGCGAA"	"2"
"TGCGGGTTCTTGAGAC"	"6"
"TGCGTGGAGCGTTGCC"	"4"
"TGCGTGGTCCCGGATG"	"1"
"TGCTACCAGAGTGACC"	"5"
"TGCTACCAGCCACCTG"	"4"
"TGCTACCAGCGAGAAA"	"0"
"TGCTACCCAATCTGCA"	"2"
"TGCTACCCAATGGACG"	"8"
"TGCTACCCATGCCTTC"	"0"
"TGCTACCGTAGTACCT"	"5"
"TGCTACCTCGATCCCT"	"4"
"TGCTACCTCGTGGTCG"	"4"
"TGCTGCTAGCCACGTC"	"5"
"TGCTGCTAGGATGGTC"	"2"
"TGCTGCTCAACGATCT"	"0"
"TGCTGCTCAATGGAAT"	"0"
"TGCTGCTCACCGAAAG"	"0"
"TGCTGCTCACGAAATA"	"1"
"TGCTGCTGTACGCTGC"	"0"
"TGCTGCTGTCGGCTCA"	"4"
"TGCTGCTGTTCGTTGA"	"4"
"TGCTGCTTCAACGCTA"	"2"
"TGGACGCAGCTGCCCA"	"0"
"TGGACGCAGCTGTCTA"	"3"
"TGGACGCCACGACTCG"	"1"
"TGGACGCGTAAGGGAA"	"5"
"TGGACGCGTATAGGGC"	"5"
"TGGCCAGCAGACGCAA"	"2"
"TGGCCAGCATTGAGCT"	"8"
"TGGCCAGGTAGCTCCG"	"0"
"TGGCCAGGTCAATACC"	"4"
"TGGCCAGGTCCGAAGA"	"0"
"TGGCCAGGTCGAATCT"	"1"
"TGGCCAGGTGACTCAT"	"1"
"TGGCCAGTCACTTACT"	"2"
"TGGCCAGTCGGCTTGG"	"5"
"TGGCCAGTCTCGCTTG"	"2"
"TGGCGCAAGCCACCTG"	"1"
"TGGCGCAAGCTTATCG"	"5"
"TGGCGCAAGTGTACTC"	"2"
"TGGCGCACACAAGTAA"	"0"
"TGGCGCAGTAAGAGGA"	"1"
"TGGCGCATCGGGAGTA"	"7"
"TGGCTGGAGTGCGATG"	"0"
"TGGCTGGCATGGATGG"	"0"
"TGGCTGGGTCAAAGAT"	"6"
"TGGCTGGGTTAGATGA"	"3"
"TGGCTGGTCACATAGC"	"9"
"TGGCTGGTCGCTTAGA"	"2"
"TGGCTGGTCTTGAGAC"	"8"
"TGGGAAGAGTGCTGCC"	"0"
"TGGGAAGCACCCATGG"	"4"
"TGGGAAGGTAGGGTAC"	"3"
"TGGGAAGGTGAGTATA"	"3"
"TGGGAAGTCGAGAGCA"	"0"
"TGGGAAGTCGCTTAGA"	"0"
"TGGGCGTAGCTAAGAT"	"2"
"TGGGCGTCAAACTGCT"	"3"
"TGGGCGTGTCGGATCC"	"0"
"TGGGCGTGTGGTCCGT"	"8"
"TGGGCGTTCCTAAGTG"	"6"
"TGGTTAGAGAGTCGGT"	"3"
"TGGTTAGAGGTGCAAC"	"7"
"TGGTTAGCAGATTGCT"	"5"
"TGGTTAGCATTGCGGC"	"3"
"TGGTTAGGTTATCACG"	"5"
"TGGTTCCAGCTCCTCT"	"1"
"TGGTTCCCAGGGTATG"	"2"
"TGGTTCCGTCGGCACT"	"7"
"TGGTTCCTCTCACATT"	"5"
"TGTATTCAGGTAGCCA"	"0"
"TGTATTCTCCTGCCAT"	"8"
"TGTCCCACAAGAAGAG"	"1"
"TGTCCCACACAGTCGC"	"3"
"TGTCCCACACCCATGG"	"3"
"TGTCCCACACGCATCG"	"9"
"TGTCCCACAGCTGCTG"	"3"
"TGTCCCAGTTGATTGC"	"5"
"TGTGGTACATAAAGGT"	"1"
"TGTGGTAGTCTCTCGT"	"5"
"TGTGGTATCTCCTATA"	"3"
"TGTGGTATCTGGAGCC"	"2"
"TGTGTTTAGCTATGCT"	"2"
"TGTGTTTAGGACAGCT"	"3"
"TGTGTTTAGTTCGATC"	"3"
"TGTGTTTCACAAGTAA"	"1"
"TGTGTTTCACTTACGA"	"3"
"TGTGTTTCAGCGTCCA"	"5"
"TGTGTTTGTAGGACAC"	"5"
"TGTGTTTGTGAGGGAG"	"0"
"TGTGTTTTCCCATTAT"	"7"
"TGTTCCGAGATGCCTT"	"5"
"TGTTCCGAGGCCGAAT"	"2"
"TGTTCCGCAGCTGCTG"	"5"
"TGTTCCGGTTCAACCA"	"7"
"TGTTCCGGTTGATTCG"	"1"
"TGTTCCGTCGTTGCCT"	"9"
"TTAACTCAGGCAGTCA"	"5"
"TTAGGACAGTGAATTG"	"0"
"TTAGGACGTCTAAACC"	"1"
"TTAGGACTCACCCGAG"	"6"
"TTAGGACTCCTCAACC"	"0"
"TTAGGCAAGACAAGCC"	"4"
"TTAGGCACAAGCTGTT"	"4"
"TTAGGCAGTCCAACTA"	"3"
"TTAGGCATCAAAGACA"	"0"
"TTAGGCATCATGTAGC"	"0"
"TTAGTTCAGAGACTTA"	"5"
"TTAGTTCCAGTGAGTG"	"3"
"TTAGTTCGTCTGCAAT"	"3"
"TTAGTTCGTGTAAGTA"	"1"
"TTAGTTCTCCGTCAAA"	"4"
"TTAGTTCTCGGAAACG"	"0"
"TTATGCTAGGCATTGG"	"2"
"TTATGCTCACCATGTA"	"1"
"TTATGCTGTACAGTTC"	"2"
"TTATGCTGTCTCTTTA"	"4"
"TTATGCTGTTGATTCG"	"4"
"TTATGCTTCTGGCGTG"	"4"
"TTCCCAGCAAACCTAC"	"3"
"TTCCCAGGTACAGCAG"	"2"
"TTCCCAGGTGCAGACA"	"0"
"TTCCCAGTCAATACCG"	"1"
"TTCCCAGTCTGAGTGT"	"3"
"TTCGAAGAGCGCCTCA"	"5"
"TTCGAAGAGTGTTGAA"	"3"
"TTCGAAGCAATAACGA"	"3"
"TTCGAAGCACGAAGCA"	"0"
"TTCGGTCAGAAGATTC"	"4"
"TTCGGTCCAGCTGTTA"	"3"
"TTCGGTCGTAAGGATT"	"0"
"TTCGGTCGTAGCCTAT"	"9"
"TTCGGTCTCGAGAACG"	"0"
"TTCTACAAGCGAAGGG"	"0"
"TTCTACAAGGGTCTCC"	"6"
"TTCTACACAAGTCTGT"	"3"
"TTCTACACACAGGCCT"	"4"
"TTCTACACAGCCAATT"	"2"
"TTCTACAGTGCTAGCC"	"2"
"TTCTACAGTTCAGTAC"	"5"
"TTCTACATCCAATGGT"	"2"
"TTCTACATCGCAGGCT"	"3"
"TTCTACATCTTACCTA"	"1"
"TTCTCAAAGAATGTTG"	"3"
"TTCTCAAGTAGCCTCG"	"1"
"TTCTCAAGTTTGACAC"	"2"
"TTCTCAATCCACGTGG"	"5"
"TTCTCAATCTAGCACA"	"1"
"TTCTCCTAGCTAGCCC"	"0"
"TTCTCCTCAATTCCTT"	"2"
"TTCTCCTGTTCATGGT"	"0"
"TTCTCCTGTTGTTTGG"	"3"
"TTCTCCTTCTCGGACG"	"4"
"TTCTCCTTCTTGAGAC"	"2"
"TTCTTAGAGGCCCGTT"	"1"
"TTCTTAGCAAGCTGGA"	"7"
"TTCTTAGGTCTTCGTC"	"4"
"TTGAACGAGAGTTGGC"	"0"
"TTGAACGAGGATTCGG"	"2"
"TTGAACGTCCACTCCA"	"2"
"TTGACTTAGCTAAGAT"	"0"
"TTGACTTAGGAGTTGC"	"1"
"TTGCCGTAGCAAATCA"	"1"
"TTGCCGTCACAGACTT"	"5"
"TTGCCGTCACTTGGAT"	"0"
"TTGCCGTGTAGCTAAA"	"1"
"TTGCCGTTCACATGCA"	"7"
"TTGCCGTTCAGATAAG"	"0"
"TTGCCGTTCCTCAACC"	"1"
"TTGCGTCAGCGACGTA"	"4"
"TTGCGTCAGTGACATA"	"4"
"TTGCGTCCAAGTCATC"	"8"
"TTGCGTCCACGACGAA"	"1"
"TTGCGTCCAGGGTACA"	"5"
"TTGCGTCCAGTCACTA"	"1"
"TTGCGTCGTCATTAGC"	"3"
"TTGCGTCGTGAAATCA"	"3"
"TTGGAACAGAAGATTC"	"1"
"TTGGAACAGACGCTTT"	"4"
"TTGGAACCAATCCGAT"	"6"
"TTGGAACGTAAGTTCC"	"3"
"TTGGAACGTACCGTTA"	"0"
"TTGGAACGTCTGCCAG"	"3"
"TTGGAACGTCTTCTCG"	"4"
"TTGGAACTCCCAAGAT"	"3"
"TTGGCAAAGGCAAAGA"	"4"
"TTGGCAACATCGGACC"	"3"
"TTGGCAAGTACATCCA"	"1"
"TTGGCAAGTACGCTGC"	"5"
"TTGGCAAGTCAAAGAT"	"9"
"TTGTAGGAGCGGCTTC"	"0"
"TTGTAGGAGTCGTTTG"	"4"
"TTGTAGGCAATGCCAT"	"3"
"TTGTAGGCATACCATG"	"2"
"TTGTAGGGTCAGAATA"	"7"
"TTGTAGGTCTGTACGA"	"4"
"TTGTAGGTCTTAGAGC"	"4"
"TTTACTGAGACAAAGG"	"0"
"TTTACTGAGAGGTTGC"	"2"
"TTTACTGAGCTATGCT"	"0"
"TTTACTGCAGCCTTGG"	"2"
"TTTACTGCAGTGAGTG"	"0"
"TTTACTGGTACCATCA"	"2"
"TTTACTGTCTTGCAAG"	"4"
"TTTATGCAGAATAGGG"	"1"
"TTTATGCGTAAACCTC"	"2"
"TTTCCTCGTGCCTGCA"	"1"
"TTTCCTCTCATCGGAT"	"2"
"TTTGCGCAGCTACCGC"	"0"
"TTTGCGCAGTACCGGA"	"5"
"TTTGCGCAGTGTCTCA"	"3"
"TTTGCGCGTCTCTCTG"	"3"
"TTTGCGCTCACGATGT"	"3"
"TTTGGTTAGCAGGCTA"	"0"
"TTTGGTTAGCTGTCTA"	"3"
"TTTGGTTCATGGATGG"	"8"
"TTTGGTTCATTCTTAC"	"2"
"TTTGTCAGTAACGTTC"	"0"
