"","Ident"
"AAACCTGCACCAGGCT","4"
"AAACCTGCAGCATGAG","4"
"AAACCTGCAGCTGGCT","0"
"AAACCTGGTAAATACG","2"
"AAACCTGGTAGAAAGG","1"
"AAACGGGAGCAGACTG","2"
"AAACGGGCATGAACCT","5"
"AAACGGGGTCATGCAT","4"
"AAACGGGGTCGGATCC","1"
"AAACGGGTCATCGCTC","4"
"AAACGGGTCGGTCCGA","0"
"AAACGGGTCTCAAACG","1"
"AAAGATGGTGCTAGCC","0"
"AAAGATGTCTGGAGCC","1"
"AAAGCAAAGGGTGTTG","3"
"AAAGCAACAGTCGTGC","1"
"AAAGCAACATTTGCTT","3"
"AAAGCAAGTTGACGTT","0"
"AAAGTAGAGAAGGTTT","1"
"AAAGTAGCAGACGTAG","2"
"AAAGTAGCATTTGCCC","2"
"AAAGTAGTCATCACCC","3"
"AAATGCCCACCCTATC","3"
"AAATGCCCAGGGTTAG","3"
"AAATGCCCATGTCGAT","0"
"AAATGCCGTGCGATAG","1"
"AACACGTCAGACGCCT","1"
"AACACGTGTGTCTGAT","5"
"AACACGTTCCTATGTT","1"
"AACACGTTCCTTCAAT","5"
"AACACGTTCTGTCTCG","2"
"AACCATGAGGAGTTGC","3"
"AACCATGCAGGTGCCT","1"
"AACCATGCATTTCACT","0"
"AACCATGGTATGAAAC","5"
"AACCATGGTCGGCTCA","1"
"AACCATGTCGGAATCT","5"
"AACCGCGAGGAGTACC","2"
"AACCGCGCAAGCCTAT","0"
"AACCGCGTCTGCCAGG","6"
"AACGTTGAGTTGTCGT","0"
"AACGTTGCACGGCTAC","4"
"AACGTTGCAGTACACT","5"
"AACGTTGCATTGGGCC","4"
"AACTCAGAGAATCTCC","5"
"AACTCAGAGATAGCAT","6"
"AACTCAGAGGCTAGGT","6"
"AACTCAGGTCTAGCGC","6"
"AACTCAGTCCAGAGGA","0"
"AACTCAGTCCGAATGT","0"
"AACTCCCAGGGCTCTC","4"
"AACTCCCCATTAGGCT","2"
"AACTCCCGTGCCTTGG","4"
"AACTCCCTCAGCTCTC","0"
"AACTCCCTCGAACGGA","2"
"AACTCCCTCGAGCCCA","0"
"AACTCTTAGTCGTTTG","3"
"AACTCTTAGTGGTAAT","2"
"AACTCTTAGTGTTGAA","5"
"AACTCTTCAGCTGTTA","1"
"AACTCTTGTATGAAAC","2"
"AACTCTTGTTGATTCG","2"
"AACTCTTTCTTGTTTG","5"
"AACTGGTAGACGCACA","7"
"AACTGGTAGTGAAGAG","2"
"AACTGGTAGTTGAGAT","2"
"AACTGGTCACGGCCAT","7"
"AACTGGTCATTGGTAC","1"
"AACTTTCAGAGCAATT","7"
"AACTTTCCACGTAAGG","2"
"AACTTTCCACTGTCGG","5"
"AACTTTCCATCACAAC","0"
"AACTTTCCATCGGGTC","4"
"AAGACCTCAAGGGTCA","3"
"AAGCCGCAGACAGACC","4"
"AAGCCGCAGAGAGCTC","0"
"AAGCCGCGTCTCACCT","2"
"AAGCCGCTCGAGCCCA","4"
"AAGGAGCAGGGAAACA","5"
"AAGGCAGAGCATCATC","2"
"AAGGCAGCAAGCGATG","4"
"AAGGCAGGTCAACTGT","0"
"AAGGCAGGTCTTCGTC","0"
"AAGGCAGGTGGACGAT","0"
"AAGGCAGTCCTTCAAT","3"
"AAGGCAGTCGCGGATC","4"
"AAGGTTCAGAGCTTCT","0"
"AAGGTTCAGGCGACAT","2"
"AAGGTTCCAATGGATA","3"
"AAGGTTCCATTATCTC","0"
"AAGTCTGCAAGGACAC","7"
"AAGTCTGCAATGCCAT","1"
"AAGTCTGCAGGCGATA","1"
"AAGTCTGCATCGACGC","3"
"AAGTCTGGTACCGCTG","3"
"AAGTCTGGTCGTTGTA","0"
"AAGTCTGGTTTGACTG","1"
"AAGTCTGTCGAATCCA","0"
"AATCCAGCACATCCGG","4"
"AATCCAGCAGTAAGCG","4"
"AATCGGTAGGGCATGT","5"
"AATCGGTCAGCGTCCA","2"
"AATCGGTCATAGACTC","4"
"AATCGGTGTAGGGTAC","0"
"AATCGGTGTGAGGCTA","4"
"AATCGGTGTTCTGGTA","1"
"AATCGGTTCACCGGGT","0"
"ACACCAAAGGCTATCT","1"
"ACACCAAAGTTGAGAT","2"
"ACACCAACAGGTCTCG","2"
"ACACCAAGTCACTTCC","2"
"ACACCAAGTCTCTTTA","0"
"ACACCAATCTGGCGTG","4"
"ACACCAATCTTGTTTG","0"
"ACACCCTAGAGAACAG","3"
"ACACCCTAGAGGGATA","4"
"ACACCCTAGGTAGCTG","2"
"ACACCCTCAAGTAATG","4"
"ACACCCTCAGAGTGTG","0"
"ACACCCTCAGCCTTGG","3"
"ACACCCTGTAGTACCT","1"
"ACACCCTTCACTTACT","1"
"ACACCCTTCGAGAGCA","6"
"ACACCCTTCGCCAAAT","2"
"ACACCCTTCGCTTGTC","4"
"ACACCGGAGCTTATCG","1"
"ACACCGGAGTATCGAA","6"
"ACACCGGAGTTCGCGC","1"
"ACAGCCGAGCTAGTCT","3"
"ACAGCCGCATATGCTG","5"
"ACAGCCGGTACTTAGC","5"
"ACAGCCGTCACCACCT","5"
"ACAGCCGTCTCGTTTA","3"
"ACAGCTAAGCGTGAAC","6"
"ACAGCTAGTGATAAAC","2"
"ACAGCTAGTTCCACGG","5"
"ACAGCTATCTGGTTCC","2"
"ACATACGCAGCCTTGG","1"
"ACATACGGTCAGATAA","3"
"ACATACGGTGCAACGA","3"
"ACATACGTCTCGCTTG","0"
"ACATCAGAGACACTAA","0"
"ACATCAGTCAACGGCC","3"
"ACATGGTAGACCCACC","0"
"ACATGGTAGAGTAAGG","0"
"ACATGGTAGGAATCGC","0"
"ACATGGTGTAGCGTGA","2"
"ACATGGTGTGTATGGG","0"
"ACCAGTACAGACACTT","1"
"ACCAGTAGTTATTCTC","3"
"ACCCACTAGTGTCTCA","0"
"ACCCACTCAATCCAAC","1"
"ACCCACTTCCACTCCA","0"
"ACCCACTTCCTGTAGA","3"
"ACCCACTTCTTGACGA","3"
"ACCGTAATCGTTGACA","2"
"ACCTTTACAAGCTGGA","3"
"ACCTTTACAGTAAGCG","2"
"ACCTTTACATCAGTAC","5"
"ACCTTTAGTCTTGTCC","7"
"ACCTTTATCAAACAAG","0"
"ACCTTTATCAACACTG","0"
"ACGAGCCAGCACCGTC","0"
"ACGAGCCAGCCGATTT","0"
"ACGAGCCCAGGGAGAG","2"
"ACGAGCCGTGAGGGAG","3"
"ACGAGCCTCAAGAAGT","1"
"ACGAGGAAGCATGGCA","3"
"ACGAGGAAGCCAGAAC","2"
"ACGAGGAAGGTAAACT","3"
"ACGAGGATCAAGATCC","1"
"ACGAGGATCACTTATC","0"
"ACGAGGATCTGATTCT","0"
"ACGATACAGCAGATCG","4"
"ACGATACGTACAGACG","5"
"ACGATACTCGTAGATC","1"
"ACGATACTCTCTTATG","4"
"ACGATGTAGGCGCTCT","3"
"ACGATGTAGGTGCAAC","4"
"ACGATGTCACCAGGTC","1"
"ACGATGTCACGACTCG","1"
"ACGATGTCATCCGTGG","0"
"ACGCAGCAGAGTGAGA","6"
"ACGCAGCCAGCCTTTC","6"
"ACGCAGCCATCTCCCA","0"
"ACGCAGCTCCCAACGG","0"
"ACGCAGCTCGACCAGC","0"
"ACGCCAGGTCCCTTGT","7"
"ACGCCGAAGATCTGCT","5"
"ACGCCGAAGCTCAACT","3"
"ACGCCGAAGGATGGTC","2"
"ACGCCGAAGGCCCTCA","3"
"ACGCCGAAGGCGCTCT","3"
"ACGCCGACAGGTCCAC","2"
"ACGGAGAAGCGATATA","3"
"ACGGAGAGTCCGAACC","1"
"ACGGAGATCTTCGAGA","0"
"ACGGCCAAGTACGACG","4"
"ACGGCCACAGACACTT","3"
"ACGGCCACATAGAAAC","0"
"ACGGCCAGTAAGTTCC","5"
"ACGGCCAGTAATCGTC","2"
"ACGGCCATCCACGAAT","2"
"ACGGGCTCAAAGTCAA","0"
"ACGGGCTCACCCAGTG","1"
"ACGGGCTGTCACCTAA","0"
"ACGGGCTTCATATCGG","3"
"ACGGGTCAGGGAAACA","1"
"ACGGGTCGTACCCAAT","3"
"ACGTCAAAGCTGCGAA","5"
"ACGTCAACATGGATGG","4"
"ACTATCTAGCTAACAA","2"
"ACTATCTGTCGCGGTT","2"
"ACTATCTTCAAGGCTT","2"
"ACTATCTTCCATTCTA","2"
"ACTGAACAGCTATGCT","1"
"ACTGAACAGCTGTTCA","1"
"ACTGAACAGGTGATTA","6"
"ACTGAACCACACTGCG","0"
"ACTGAACCACAGTCGC","1"
"ACTGAACCACCTCGGA","4"
"ACTGAACGTACAGACG","0"
"ACTGAACGTACGACCC","2"
"ACTGAACGTCCTGCTT","4"
"ACTGAACTCAGGTAAA","5"
"ACTGAGTGTATATGGA","5"
"ACTGAGTGTTCCACAA","4"
"ACTGAGTGTTCTGTTT","4"
"ACTGAGTTCCGTCAAA","0"
"ACTGAGTTCGTCACGG","4"
"ACTGATGAGCTAGGCA","1"
"ACTGATGCAACACGCC","2"
"ACTGATGGTGTGGCTC","2"
"ACTGATGTCAACGAAA","5"
"ACTGATGTCACAGGCC","6"
"ACTGCTCAGTGTCTCA","0"
"ACTGCTCCAATGACCT","3"
"ACTGCTCCATATGGTC","4"
"ACTGCTCGTCATGCAT","0"
"ACTGTCCAGAAACGAG","1"
"ACTGTCCAGCGTTGCC","0"
"ACTGTCCTCGAACGGA","6"
"ACTGTCCTCTGCTGCT","0"
"ACTTACTCAGGCGATA","1"
"ACTTACTGTTGCGCAC","3"
"ACTTGTTAGTTCGCGC","1"
"ACTTGTTTCAGTTTGG","0"
"ACTTTCAAGGAGTCTG","6"
"ACTTTCACAATGGACG","0"
"ACTTTCACACCGAATT","0"
"ACTTTCACACGGCTAC","4"
"ACTTTCAGTCGCGAAA","0"
"ACTTTCAGTTACGGAG","1"
"ACTTTCATCAGAGACG","1"
"ACTTTCATCAGGTTCA","2"
"AGAATAGAGTCATCCA","2"
"AGAATAGCAAAGAATC","0"
"AGAATAGCAAGACACG","7"
"AGAATAGCACCCATGG","3"
"AGAATAGCACGAGAGT","2"
"AGAATAGCATGCCCGA","3"
"AGAATAGTCTTACCTA","2"
"AGACGTTCACATGGGA","4"
"AGACGTTCACTCTGTC","3"
"AGACGTTGTACCGGCT","1"
"AGACGTTTCCCAACGG","6"
"AGACGTTTCGATCCCT","0"
"AGACGTTTCTGCGTAA","4"
"AGAGCGAGTATATCCG","2"
"AGAGCGAGTTTAGGAA","2"
"AGAGCTTAGGACACCA","2"
"AGAGCTTGTAAATGAC","3"
"AGAGCTTGTCAATGTC","2"
"AGAGTGGCAATAGCGG","0"
"AGAGTGGGTAGAGGAA","3"
"AGAGTGGGTCAAAGAT","2"
"AGAGTGGGTGCCTTGG","0"
"AGATCTGAGAAGGTGA","6"
"AGATCTGGTATCAGTC","1"
"AGATCTGGTTCAGTAC","0"
"AGATCTGGTTGCCTCT","0"
"AGATTGCAGATATACG","0"
"AGATTGCCAGGAACGT","0"
"AGATTGCTCCGCATAA","2"
"AGCAGCCAGCGTAATA","4"
"AGCAGCCAGCTGAAAT","2"
"AGCAGCCAGTGCGATG","0"
"AGCAGCCGTCGGGTCT","5"
"AGCATACAGAGCTTCT","5"
"AGCATACCATTCCTGC","2"
"AGCATACTCAACCATG","0"
"AGCATACTCGTCCGTT","2"
"AGCCTAAAGAAACCTA","2"
"AGCCTAAAGATGTTAG","4"
"AGCCTAACACGGCTAC","5"
"AGCCTAAGTACAAGTA","5"
"AGCCTAAGTACAGTTC","0"
"AGCCTAAGTACCGTAT","3"
"AGCCTAATCAATACCG","1"
"AGCCTAATCGCATGGC","0"
"AGCCTAATCTCACATT","1"
"AGCGGTCCAAGGACTG","7"
"AGCGGTCCATATACCG","1"
"AGCGGTCCATCCGTGG","3"
"AGCGGTCCATCTCCCA","0"
"AGCGGTCGTGCGGTAA","2"
"AGCGGTCTCTCTAAGG","0"
"AGCGTATAGAGACTTA","2"
"AGCGTATAGCTAGTGG","2"
"AGCGTATAGGAGTCTG","5"
"AGCGTATCAGTATAAG","4"
"AGCGTATGTGCACCAC","2"
"AGCGTATGTTGTCTTT","0"
"AGCGTCGAGCCTCGTG","5"
"AGCGTCGAGGTTCCTA","1"
"AGCGTCGAGTACTTGC","4"
"AGCGTCGGTGTGACGA","5"
"AGCTCCTAGAAGCCCA","3"
"AGCTCCTAGACTAAGT","3"
"AGCTCCTGTGTCAATC","0"
"AGCTCCTTCAACGGCC","4"
"AGCTCTCAGCCGCCTA","0"
"AGCTCTCCACGGCGTT","4"
"AGCTCTCGTAGTGAAT","2"
"AGCTTGACAACTGCTA","6"
"AGCTTGACATCGGACC","2"
"AGCTTGAGTTCGCGAC","5"
"AGCTTGATCATCGGAT","2"
"AGCTTGATCGGAAACG","1"
"AGCTTGATCTAAGCCA","4"
"AGCTTGATCTATGTGG","4"
"AGGCCACAGTACGTTC","4"
"AGGCCACAGTGAAGAG","0"
"AGGCCACCAGAAGCAC","6"
"AGGCCACCAGACACTT","0"
"AGGCCACGTAAAGTCA","4"
"AGGCCACTCTCGTTTA","0"
"AGGCCGTAGAAGATTC","2"
"AGGCCGTAGGTAGCTG","2"
"AGGCCGTGTCCGAGTC","0"
"AGGCCGTGTGTGCGTC","5"
"AGGCCGTGTTCCAACA","1"
"AGGCCGTTCTGTTGAG","0"
"AGGGAGTAGGTGATAT","1"
"AGGGAGTGTAAGTAGT","2"
"AGGGAGTTCACCAGGC","4"
"AGGGAGTTCGATGAGG","0"
"AGGGATGAGTTCGATC","3"
"AGGGATGCACCACCAG","2"
"AGGGATGGTCGCCATG","0"
"AGGGATGGTTGGACCC","3"
"AGGGATGTCCCAACGG","1"
"AGGGTGAAGAGTCGGT","5"
"AGGGTGAAGATGTGGC","3"
"AGGGTGACACGCCAGT","0"
"AGGGTGACAGGGAGAG","3"
"AGGGTGACATAGTAAG","0"
"AGGGTGAGTCGATTGT","5"
"AGGGTGAGTCTGGAGA","5"
"AGGGTGAGTTGGTAAA","0"
"AGGGTGATCGGCGCAT","3"
"AGGTCATAGCCAGTTT","4"
"AGGTCATAGCTATGCT","2"
"AGGTCATCATCATCCC","5"
"AGGTCATTCCACGTGG","0"
"AGGTCCGCAGATTGCT","2"
"AGGTCCGGTACAGCAG","3"
"AGGTCCGGTGAGCGAT","0"
"AGGTCCGGTGAGTATA","0"
"AGGTCCGGTTCTGGTA","1"
"AGTAGTCAGGGCTCTC","2"
"AGTAGTCGTCTTCAAG","5"
"AGTCTTTCAACTTGAC","3"
"AGTGAGGCAGTGGGAT","1"
"AGTGAGGCATCCGGGT","2"
"AGTGAGGTCAAACGGG","0"
"AGTGAGGTCTTCTGGC","0"
"AGTGGGAAGAGCAATT","4"
"AGTGGGACAAGGTTCT","2"
"AGTGGGATCCTGTAGA","2"
"AGTGTCAAGCTAGTGG","1"
"AGTGTCAAGGTGATAT","1"
"AGTGTCAAGTACGTTC","6"
"AGTGTCAAGTTTCCTT","2"
"AGTGTCACATGACATC","2"
"AGTGTCATCCTATGTT","1"
"AGTTGGTAGAGCTTCT","3"
"AGTTGGTCAGGTGGAT","0"
"AGTTGGTTCGCGGATC","3"
"ATAACGCAGCGAAGGG","5"
"ATAACGCCAGTCACTA","4"
"ATAACGCGTCCATGAT","2"
"ATAACGCTCATGGTCA","0"
"ATAACGCTCCGTCATC","2"
"ATAAGAGAGCGACGTA","2"
"ATAAGAGAGTCTCCTC","4"
"ATAAGAGCACGGCGTT","4"
"ATAAGAGCATCACCCT","4"
"ATAAGAGCATCGGACC","1"
"ATAAGAGGTACCGGCT","0"
"ATAAGAGGTCAATGTC","3"
"ATAAGAGTCATCGGAT","7"
"ATAAGAGTCTGCGACG","0"
"ATAGACCAGTAGGCCA","3"
"ATAGACCCAAACGCGA","2"
"ATAGACCCACGGTTTA","2"
"ATAGACCCAGGAATGC","0"
"ATAGACCCATTCACTT","0"
"ATAGACCTCCAGTAGT","2"
"ATCACGAGTACCGCTG","5"
"ATCACGAGTCAAAGAT","4"
"ATCACGAGTGAGCGAT","2"
"ATCACGATCAAGGCTT","1"
"ATCACGATCGACCAGC","2"
"ATCACGATCGGAAATA","3"
"ATCACGATCTTCATGT","3"
"ATCATCTAGCCTTGAT","0"
"ATCATCTAGGGTTTCT","5"
"ATCATCTCAGGGTACA","3"
"ATCATCTTCAGAGGTG","5"
"ATCATCTTCCAGAAGG","1"
"ATCATGGAGTAGCGGT","3"
"ATCATGGCAATCCGAT","0"
"ATCATGGGTACCCAAT","5"
"ATCATGGGTAGCGTCC","4"
"ATCCACCAGTCTTGCA","0"
"ATCCACCCAATGTAAG","0"
"ATCCACCCACTCTGTC","4"
"ATCCACCCAGACAAGC","6"
"ATCCACCCATCGTCGG","0"
"ATCCACCGTAGCCTCG","0"
"ATCCGAACACCAGGCT","1"
"ATCCGAAGTTCGAATC","7"
"ATCGAGTAGACAGACC","5"
"ATCGAGTCACAGGAGT","4"
"ATCGAGTCAGTAAGCG","0"
"ATCGAGTGTGTAACGG","3"
"ATCGAGTTCACAGTAC","5"
"ATCTACTCAATCTGCA","3"
"ATCTACTCACATTCGA","7"
"ATCTACTCATTCCTGC","1"
"ATCTGCCAGCGTCTAT","3"
"ATCTGCCAGGTGCAAC","1"
"ATCTGCCAGTATTGGA","4"
"ATCTGCCCACGTCAGC","3"
"ATCTGCCCAGAGCCAA","3"
"ATCTGCCCATTGAGCT","0"
"ATCTGCCGTAAGAGAG","4"
"ATCTGCCGTCCAACTA","3"
"ATCTGCCGTTTAGCTG","0"
"ATCTGCCTCTATGTGG","5"
"ATGAGGGAGAGTAAGG","1"
"ATGAGGGAGTACGTTC","1"
"ATGAGGGCAGAGTGTG","4"
"ATGAGGGCATAGAAAC","5"
"ATGAGGGGTTAGTGGG","0"
"ATGAGGGTCGTATCAG","6"
"ATGAGGGTCTGTCAAG","3"
"ATGCGATCAAATACAG","3"
"ATGGGAGAGAGTGAGA","0"
"ATGGGAGAGATCCCGC","0"
"ATGGGAGAGTATCTCG","3"
"ATGGGAGAGTATTGGA","5"
"ATGGGAGCAGGTTTCA","2"
"ATGGGAGTCACTTACT","5"
"ATGTGTGAGAGTCTGG","4"
"ATGTGTGCACAAGTAA","1"
"ATGTGTGGTATCGCAT","1"
"ATGTGTGTCAGCTCTC","0"
"ATGTGTGTCTTGCATT","2"
"ATTACTCAGGACACCA","0"
"ATTACTCTCCTGCAGG","1"
"ATTACTCTCGCAAACT","3"
"ATTATCCAGAGCCCAA","2"
"ATTCTACAGAGTCTGG","3"
"ATTCTACTCACCTCGT","3"
"ATTCTACTCGGCGCTA","1"
"ATTGGACAGCTAGTTC","3"
"ATTGGACAGTACGTAA","5"
"ATTGGACCAAGAGTCG","0"
"ATTGGACCAGGTGGAT","6"
"ATTGGACCATCCGTGG","1"
"ATTGGACCATGTTGAC","0"
"ATTGGACGTCATACTG","4"
"ATTGGACTCTTATCTG","0"
"ATTGGTGCAAGAAGAG","0"
"ATTGGTGCAGTACACT","5"
"ATTGGTGCAGTATAAG","0"
"ATTGGTGTCACTGGGC","0"
"ATTGGTGTCGAATCCA","0"
"ATTGGTGTCGGGAGTA","7"
"ATTTCTGAGATGTTAG","4"
"ATTTCTGAGCGATAGC","1"
"ATTTCTGCAGGCTCAC","6"
"ATTTCTGGTCTTGCGG","3"
"CAACCAACACAGACAG","3"
"CAACCAACACCGAAAG","3"
"CAACCAAGTCTGATCA","3"
"CAACCTCAGGCTAGAC","1"
"CAACCTCCATCCGGGT","1"
"CAACCTCGTCCAGTTA","6"
"CAACCTCGTGAGCGAT","0"
"CAACCTCGTGTGACCC","2"
"CAACCTCTCGGCTACG","0"
"CAACCTCTCTTGTTTG","4"
"CAACTAGGTAACGACG","5"
"CAACTAGGTAATTGGA","4"
"CAACTAGGTTGGGACA","1"
"CAACTAGTCAGGCAAG","3"
"CAACTAGTCGTGGTCG","2"
"CAAGAAACAACACGCC","0"
"CAAGAAACACGCCAGT","5"
"CAAGAAACATCACGAT","2"
"CAAGAAATCCGTCATC","5"
"CAAGAAATCGAACTGT","1"
"CAAGAAATCGGATGGA","4"
"CAAGATCAGCTAGTTC","1"
"CAAGATCTCCGATATG","3"
"CAAGGCCAGAACAATC","1"
"CAAGGCCGTTCGTGAT","4"
"CAAGGCCTCGGATGTT","2"
"CAAGTTGAGATATGGT","0"
"CAAGTTGCATGCCTTC","7"
"CAAGTTGGTCTCATCC","1"
"CAAGTTGGTTCGTGAT","3"
"CAAGTTGTCTGCCAGG","2"
"CACAAACCACAACTGT","0"
"CACAAACGTCGAACAG","0"
"CACAAACTCAAGGTAA","1"
"CACAAACTCTCCAGGG","0"
"CACACAAAGGTGACCA","2"
"CACACAAAGTCCGGTC","5"
"CACACAAGTGAAGGCT","2"
"CACACCTAGCGTGAAC","0"
"CACACCTAGTAGCCGA","0"
"CACACCTAGTGTGAAT","5"
"CACACCTCACAACGCC","2"
"CACACCTCACGGCGTT","1"
"CACACCTCAGTCTTCC","3"
"CACACCTGTTACGACT","3"
"CACACCTGTTGTGGCC","2"
"CACACCTTCCGGCACA","0"
"CACACTCAGAAGGGTA","1"
"CACACTCAGATCCCGC","5"
"CACACTCCACTTACGA","2"
"CACACTCCAGGTTTCA","3"
"CACACTCCATCCCACT","5"
"CACACTCGTTAGGGTG","6"
"CACAGGCCAAGGCTCC","0"
"CACAGGCGTACTTAGC","5"
"CACAGGCTCATGCATG","3"
"CACAGTAAGATCTGCT","1"
"CACAGTACAGCAGTTT","3"
"CACAGTAGTCTAGCGC","4"
"CACAGTATCCGGGTGT","3"
"CACATAGCAGATGGCA","6"
"CACATAGCATCACAAC","4"
"CACATAGGTTGGTAAA","1"
"CACATAGTCACCACCT","2"
"CACATAGTCCCATTTA","6"
"CACATTTAGACTAAGT","3"
"CACATTTAGTACGACG","3"
"CACATTTAGTTTGCGT","0"
"CACATTTCAAGGACAC","3"
"CACATTTCAGCCTTGG","2"
"CACATTTCATGTTCCC","2"
"CACATTTTCGTACGGC","0"
"CACCACTAGTACGACG","4"
"CACCACTCAGGATCGA","1"
"CACCACTGTAAGTGGC","3"
"CACCAGGAGACTCGGA","3"
"CACCAGGTCCGTTGCT","3"
"CACCAGGTCGTAGGAG","0"
"CACCTTGGTAAGGGCT","3"
"CACCTTGGTACAAGTA","2"
"CACCTTGGTCTACCTC","5"
"CACCTTGTCAATCACG","4"
"CACTCCAAGCACCGCT","3"
"CACTCCACAATGGTCT","3"
"CACTCCACATAAAGGT","2"
"CACTCCAGTAATAGCA","5"
"CAGAATCAGGATATAC","3"
"CAGAATCCAATGGATA","1"
"CAGAATCCATCATCCC","3"
"CAGAATCGTATTCGTG","4"
"CAGAGAGAGACTGGGT","6"
"CAGAGAGCACGGCCAT","0"
"CAGAGAGCAGAGCCAA","4"
"CAGAGAGTCGTTTGCC","0"
"CAGAGAGTCTTACCTA","1"
"CAGATCAAGCTGTCTA","0"
"CAGATCAAGTTTGCGT","3"
"CAGATCACACCATGTA","0"
"CAGATCACACCCATTC","0"
"CAGATCAGTAGCTGCC","3"
"CAGCAGCAGGTGGGTT","0"
"CAGCAGCAGTGGACGT","5"
"CAGCAGCCACCAACCG","1"
"CAGCAGCCACTTAAGC","1"
"CAGCAGCCATCTCCCA","0"
"CAGCAGCTCATCGGAT","1"
"CAGCAGCTCGAGAACG","6"
"CAGCATAGTGGTACAG","2"
"CAGCATATCGCTAGCG","0"
"CAGCCGAAGAGGGATA","4"
"CAGCCGAAGATACACA","3"
"CAGCCGAAGTCCTCCT","3"
"CAGCCGAAGTGTTTGC","5"
"CAGCCGACAAGCTGGA","4"
"CAGCCGACACAAGCCC","4"
"CAGCCGAGTGGTCTCG","4"
"CAGCCGATCAACACAC","5"
"CAGCCGATCAACGCTA","5"
"CAGCGACCACCGAAAG","0"
"CAGCGACCAGAGTGTG","1"
"CAGCGACCAGATCTGT","0"
"CAGCGACGTTCAGACT","4"
"CAGCGACTCTGTCTCG","3"
"CAGCTAAAGAATAGGG","0"
"CAGCTAAAGATGTGTA","0"
"CAGCTAAAGATGTTAG","0"
"CAGCTAAAGGGAAACA","0"
"CAGCTAAGTAACGCGA","2"
"CAGCTAAGTCATACTG","4"
"CAGCTAATCACGACTA","1"
"CAGCTAATCATGTAGC","5"
"CAGCTGGAGTTACCCA","1"
"CAGCTGGCAGGTCGTC","3"
"CAGCTGGTCAGTTTGG","5"
"CAGGTGCAGTCGTACT","0"
"CAGGTGCAGTTCGCAT","6"
"CAGGTGCCACATTCGA","2"
"CAGGTGCCACGGCTAC","7"
"CAGGTGCCAGAGTGTG","5"
"CAGGTGCGTCGCGTGT","0"
"CAGGTGCGTTCCATGA","5"
"CAGGTGCGTTTAGGAA","6"
"CAGTAACCATTACCTT","4"
"CAGTAACGTACCAGTT","2"
"CAGTAACGTGATGCCC","2"
"CAGTCCTAGGCAGGTT","1"
"CAGTCCTCAAGCTGTT","3"
"CAGTCCTTCCTAAGTG","3"
"CAGTCCTTCTTACCTA","5"
"CATATGGAGCTGCAAG","5"
"CATATGGAGTCAAGCG","2"
"CATATTCCAACAACCT","7"
"CATATTCCAAGACGTG","3"
"CATATTCGTGGTCCGT","2"
"CATCAAGAGAGCTATA","5"
"CATCAAGAGAGGTTAT","0"
"CATCAAGCAGCTTAAC","0"
"CATCAAGCAGTTTACG","1"
"CATCAAGTCACGCATA","0"
"CATCAAGTCGCTTAGA","7"
"CATCAAGTCGGCTTGG","5"
"CATCAGAGTCATTAGC","1"
"CATCAGATCGGTGTTA","2"
"CATCCACAGAAAGTGG","4"
"CATCCACAGGACGAAA","3"
"CATCCACCATCCCACT","0"
"CATCCACGTATTACCG","3"
"CATCGAAAGCCCAGCT","0"
"CATCGAACAGGGTTAG","0"
"CATCGAACATCTACGA","0"
"CATCGGGAGCTGTCTA","3"
"CATCGGGAGTCCGTAT","2"
"CATCGGGCACAAGTAA","0"
"CATCGGGCAGCGTCCA","5"
"CATCGGGGTGATAAAC","0"
"CATCGGGGTTCTGAAC","4"
"CATCGGGGTTTAGCTG","4"
"CATCGGGTCGGATGTT","2"
"CATGACAAGCTAGGCA","6"
"CATGACAAGGTAGCTG","1"
"CATGACAAGTGCTGCC","2"
"CATGACACACCGTTGG","5"
"CATGACACATGGAATA","3"
"CATGACAGTATTCGTG","5"
"CATGCCTAGTGGAGTC","0"
"CATGCCTCAAGGGTCA","2"
"CATGCCTCACCATCCT","0"
"CATGCCTGTGCCTGTG","0"
"CATGCCTGTTGGTAAA","1"
"CATGCCTTCACTATTC","1"
"CATGCCTTCGTGTAGT","1"
"CATGCCTTCTGGGCCA","6"
"CATGGCGAGGACTGGT","2"
"CATGGCGCACGAAATA","4"
"CATTATCAGGCGTACA","3"
"CATTATCCATGCAACT","5"
"CATTATCGTGTCAATC","2"
"CATTCGCAGTTTCCTT","1"
"CATTCGCCATCGGACC","3"
"CATTCGCGTACGCACC","7"
"CATTCGCGTAGGCTGA","0"
"CATTCGCTCGAATGCT","3"
"CATTCGCTCGTACCGG","0"
"CCAATCCAGCTAACAA","1"
"CCAATCCAGTCAAGCG","4"
"CCAATCCCATCTCCCA","4"
"CCAATCCTCTAACCGA","0"
"CCAATCCTCTAAGCCA","2"
"CCACCTACACGGCGTT","0"
"CCACCTACATCGGAAG","1"
"CCACCTAGTCGGGTCT","3"
"CCACCTAGTTGTCGCG","4"
"CCACCTATCATGTGGT","5"
"CCACGGAAGATGTGGC","3"
"CCACGGAGTGTTAAGA","4"
"CCACTACAGAAACCTA","4"
"CCACTACAGTGTACGG","1"
"CCACTACCAGTAAGAT","2"
"CCACTACGTGGCTCCA","2"
"CCACTACGTGTTGAGG","1"
"CCAGCGACATGCCCGA","1"
"CCAGCGAGTTACGACT","0"
"CCAGCGAGTTGGTGGA","3"
"CCAGCGATCCAAAGTC","0"
"CCATGTCGTGACGGTA","1"
"CCATGTCTCCTTTCTC","4"
"CCATTCGAGAAAGTGG","0"
"CCATTCGCAAGTAATG","3"
"CCATTCGCAGGGCATA","5"
"CCATTCGCATGGATGG","1"
"CCATTCGTCACTATTC","5"
"CCATTCGTCCACGACG","0"
"CCCAATCAGGAGTAGA","2"
"CCCAATCAGTGAAGTT","3"
"CCCAATCCATTGGTAC","1"
"CCCAATCGTTGACGTT","3"
"CCCAGTTAGAGTAAGG","2"
"CCCAGTTAGGCCCTTG","3"
"CCCAGTTGTCAAAGCG","0"
"CCCAGTTTCCACGAAT","0"
"CCCAGTTTCGACAGCC","6"
"CCCAGTTTCGGAAACG","3"
"CCCAGTTTCTGTCAAG","5"
"CCCATACAGTCTTGCA","2"
"CCCATACCAGGTCGTC","5"
"CCCATACTCCATGAGT","5"
"CCCTCCTCAAACCTAC","5"
"CCCTCCTGTTGGTAAA","0"
"CCCTCCTTCGCATGAT","5"
"CCCTCCTTCTCGAGTA","1"
"CCGGGATCAAGTTGTC","0"
"CCGGGATCAGGGTATG","5"
"CCGGGATGTCCGTCAG","4"
"CCGGGATGTGAAGGCT","5"
"CCGGGATGTGCCTGGT","1"
"CCGGGATGTGTCCTCT","3"
"CCGGTAGCAGATAATG","2"
"CCGGTAGTCATTTGGG","7"
"CCGGTAGTCGATAGAA","5"
"CCGTACTAGCAGCCTC","3"
"CCGTACTAGGACGAAA","0"
"CCGTACTAGGGTTTCT","1"
"CCGTACTCACAACGCC","4"
"CCGTACTGTGCCTTGG","0"
"CCGTACTGTGTCTGAT","2"
"CCGTACTGTTCGCTAA","3"
"CCGTACTTCACGATGT","3"
"CCGTGGACATACCATG","0"
"CCGTGGATCATGTCTT","4"
"CCGTTCACAGCCTATA","0"
"CCGTTCACAGCTGCAC","0"
"CCGTTCACATGCTGGC","0"
"CCGTTCAGTCTCGTTC","3"
"CCTAAAGAGTGCCAGA","2"
"CCTAAAGCATCGGAAG","4"
"CCTAAAGTCAACGGGA","2"
"CCTAAAGTCCTCATTA","1"
"CCTAAAGTCTCTGAGA","0"
"CCTACACAGCGTCAAG","0"
"CCTACACAGCGTTGCC","3"
"CCTACACAGCTAGCCC","5"
"CCTACACAGTCCGTAT","4"
"CCTACACGTGAGTATA","7"
"CCTACACTCCAGAAGG","0"
"CCTACACTCCTTCAAT","4"
"CCTACCACAAGTCATC","6"
"CCTACCACAGATCGGA","0"
"CCTACCAGTGAGCGAT","4"
"CCTACCATCAGCTTAG","1"
"CCTAGCTAGGGATCTG","6"
"CCTAGCTTCAATCACG","0"
"CCTATTAGTCATGCCG","3"
"CCTATTATCTGATTCT","0"
"CCTATTATCTGTCTAT","0"
"CCTCAGTAGGATGCGT","4"
"CCTCAGTAGTGGTAAT","0"
"CCTCAGTAGTGTGAAT","4"
"CCTCAGTCACATCCGG","1"
"CCTCAGTCATTCCTCG","0"
"CCTCAGTGTGCTAGCC","2"
"CCTCAGTGTGGTTTCA","6"
"CCTCAGTGTTACCGAT","2"
"CCTCAGTGTTCAGCGC","2"
"CCTCAGTTCAGTCAGT","5"
"CCTCAGTTCGCTTAGA","5"
"CCTCTGAAGCTAGTTC","2"
"CCTCTGAAGGTGCTAG","1"
"CCTCTGAAGTAGCGGT","6"
"CCTCTGACACCCAGTG","0"
"CCTCTGACACCGGAAA","1"
"CCTCTGAGTAGCGCTC","4"
"CCTCTGATCAGGCAAG","0"
"CCTTACGAGATGCCTT","2"
"CCTTACGAGTATCGAA","2"
"CCTTACGCAAGCGCTC","0"
"CCTTACGCACCCAGTG","2"
"CCTTACGTCAGAGGTG","0"
"CCTTCCCAGACAGACC","1"
"CCTTCCCCAAATACAG","2"
"CCTTCCCCAGTGACAG","0"
"CCTTCCCCAGTGAGTG","0"
"CCTTCCCGTACGCTGC","3"
"CCTTCCCTCTACGAGT","0"
"CCTTCCCTCTTAGCCC","1"
"CCTTCGACACAGCGTC","2"
"CCTTCGACAGGACGTA","3"
"CCTTCGACATCGGTTA","0"
"CCTTCGAGTAGAGCTG","4"
"CCTTCGAGTGCAGACA","0"
"CCTTTCTCATACTCTT","2"
"CCTTTCTTCGGGAGTA","2"
"CCTTTCTTCTCGTTTA","2"
"CGAACATAGCCGCCTA","3"
"CGAACATAGGTAGCTG","1"
"CGAACATCACCTATCC","0"
"CGAACATGTGAAGGCT","5"
"CGAACATGTTCCAACA","1"
"CGAACATGTTGCGCAC","3"
"CGAACATTCCTAGTGA","0"
"CGAATGTGTAAGTTCC","4"
"CGAATGTGTATTACCG","6"
"CGAATGTGTCTTCTCG","0"
"CGACCTTAGAAACCAT","2"
"CGACCTTCACGAAAGC","5"
"CGACCTTGTGACCAAG","2"
"CGACCTTGTGTGTGCC","3"
"CGACCTTTCTCCAACC","3"
"CGACTTCAGACTAAGT","0"
"CGACTTCAGGATGTAT","2"
"CGACTTCCAATCTGCA","1"
"CGACTTCCAATTCCTT","3"
"CGAGAAGCAAATCCGT","1"
"CGAGAAGCAATCGGTT","0"
"CGAGAAGCAGTGACAG","0"
"CGAGAAGGTAGAAAGG","2"
"CGAGAAGTCAGCTCTC","0"
"CGAGAAGTCGAATGCT","3"
"CGAGCACAGTGACATA","2"
"CGAGCACCATCAGTCA","2"
"CGAGCACGTCTTCGTC","4"
"CGAGCCACAATACGCT","5"
"CGAGCCAGTGCAGTAG","3"
"CGAGCCATCGAACTGT","3"
"CGAGCCATCGGTTAAC","3"
"CGATCGGAGCGTGAAC","5"
"CGATCGGAGCTACCTA","0"
"CGATCGGCACAACGTT","0"
"CGATCGGCAGTGACAG","3"
"CGATCGGTCTGTCAAG","1"
"CGATGGCAGCACCGTC","0"
"CGATGGCAGGACATTA","0"
"CGATGGCAGTGCTGCC","1"
"CGATGGCCATATACCG","3"
"CGATGGCCATGGTAGG","1"
"CGATGGCTCATATCGG","0"
"CGATGTACACGGTAGA","3"
"CGATGTATCGTCACGG","4"
"CGATTGACAATGGAGC","1"
"CGATTGACACGGCCAT","5"
"CGATTGACAGTCTTCC","7"
"CGATTGATCCAATGGT","2"
"CGCCAAGGTTCACCTC","2"
"CGCGGTACACATGACT","1"
"CGCGGTACAGTTCATG","4"
"CGCGGTAGTCGAACAG","0"
"CGCGGTAGTGATAAGT","3"
"CGCGGTAGTTATGTGC","1"
"CGCGGTATCACCATAG","0"
"CGCGGTATCCAGAAGG","0"
"CGCGTTTTCCGTAGGC","3"
"CGCTATCAGCAGCGTA","0"
"CGCTATCGTTCCGGCA","3"
"CGCTATCTCCTCTAGC","0"
"CGCTGGAAGCTAGTCT","4"
"CGCTGGAAGGATGGAA","4"
"CGCTGGAAGGATGGTC","2"
"CGCTGGACACAGCCCA","3"
"CGCTGGACATGAGCGA","2"
"CGCTGGAGTAACGTTC","3"
"CGCTTCATCTACTCAT","1"
"CGGACACGTCCAACTA","2"
"CGGACACTCGTAGATC","3"
"CGGACGTAGCTAACTC","0"
"CGGACGTCACGGTAGA","2"
"CGGACGTGTTATGTGC","4"
"CGGACGTTCTATCGCC","3"
"CGGACTGGTGCGGTAA","0"
"CGGACTGTCAGTTCGA","7"
"CGGACTGTCCGAGCCA","3"
"CGGAGCTCAGATGGCA","2"
"CGGAGCTCATGCCTAA","4"
"CGGAGCTGTAAGCACG","0"
"CGGAGCTGTCGAGTTT","4"
"CGGAGCTGTTACTGAC","3"
"CGGAGTCAGCCACGCT","1"
"CGGAGTCAGGCCGAAT","0"
"CGGAGTCCAATAGCAA","7"
"CGGAGTCTCATGTCTT","0"
"CGGAGTCTCGGTGTCG","2"
"CGGAGTCTCTGCTTGC","5"
"CGGCTAGAGACAGGCT","2"
"CGGCTAGAGCGGATCA","3"
"CGGCTAGAGCGTGTCC","5"
"CGGCTAGGTATAGGGC","1"
"CGGCTAGGTATCACCA","6"
"CGGCTAGTCTTCGGTC","7"
"CGGGTCAGTTCGGGCT","0"
"CGGTTAAGTAAGAGAG","5"
"CGGTTAAGTGAGCGAT","0"
"CGGTTAAGTGGTACAG","4"
"CGGTTAATCCCAACGG","4"
"CGTAGCGAGACTGTAA","4"
"CGTAGCGAGTGGTCCC","3"
"CGTAGCGAGTTACGGG","2"
"CGTAGCGGTAGCGCAA","0"
"CGTAGCGGTTAGATGA","7"
"CGTAGGCAGAAGGTGA","0"
"CGTAGGCCACTGTGTA","0"
"CGTAGGCCAGGCAGTA","0"
"CGTAGGCCATAAAGGT","0"
"CGTAGGCCATGTAAGA","0"
"CGTAGGCCATTCTTAC","5"
"CGTAGGCCATTGTGCA","0"
"CGTAGGCTCAACACAC","3"
"CGTCACTAGGGCTTCC","5"
"CGTCACTCACGCTTTC","0"
"CGTCACTGTCTCACCT","0"
"CGTCACTGTGAGTGAC","7"
"CGTCACTTCGGAGCAA","2"
"CGTCAGGAGCTGCAAG","4"
"CGTCAGGAGGCAGGTT","5"
"CGTCAGGCAAGTAATG","7"
"CGTCAGGCAGCGTTCG","5"
"CGTCAGGCATGTCCTC","0"
"CGTCAGGTCAAAGACA","0"
"CGTCCATAGAAGGTTT","5"
"CGTCCATAGAGTGAGA","4"
"CGTCCATAGGGTGTTG","1"
"CGTCCATTCGGCATCG","4"
"CGTCTACAGGTGCAAC","7"
"CGTCTACAGTACCGGA","5"
"CGTCTACCACGACTCG","0"
"CGTCTACGTGAGGGAG","3"
"CGTCTACGTGGACGAT","0"
"CGTGAGCAGATGGCGT","3"
"CGTGAGCAGCAATCTC","2"
"CGTGAGCAGCGCCTCA","3"
"CGTGAGCGTGCGGTAA","2"
"CGTGAGCTCCAAAGTC","1"
"CGTGAGCTCCTGTAGA","6"
"CGTGTAAAGTAGGCCA","1"
"CGTGTAATCAGGTTCA","4"
"CGTGTAATCCGAGCCA","7"
"CGTGTAATCTTGACGA","4"
"CGTGTCTAGGGTGTTG","0"
"CGTGTCTCAAGCTGGA","4"
"CGTGTCTCAGACGCCT","2"
"CGTTAGAAGAGCCTAG","1"
"CGTTAGACAGACTCGC","4"
"CGTTAGAGTCTCTCGT","5"
"CGTTAGAGTTTGGCGC","1"
"CGTTCTGAGGGATCTG","0"
"CGTTCTGCACCTGGTG","4"
"CGTTCTGCATCAGTAC","2"
"CGTTCTGGTGAGGGAG","1"
"CGTTCTGTCCGTCAAA","2"
"CGTTGGGAGTATCTCG","0"
"CGTTGGGAGTGCGATG","0"
"CGTTGGGCAATAAGCA","2"
"CGTTGGGCACGCATCG","1"
"CGTTGGGGTCTGGTCG","5"
"CTAACTTAGTTAACGA","1"
"CTAACTTTCGCCATAA","4"
"CTAAGACAGAGACGAA","0"
"CTAAGACAGTCTCCTC","5"
"CTAAGACCAATCCAAC","0"
"CTAAGACGTAAATGTG","1"
"CTAATGGCATAAGACA","3"
"CTAATGGGTTCCTCCA","5"
"CTACACCAGACGCAAC","2"
"CTACACCAGATGCGAC","4"
"CTACACCAGTGGTAGC","3"
"CTACACCCAGGGATTG","0"
"CTACACCGTACGACCC","4"
"CTACACCGTTCCGTCT","1"
"CTACATTAGACAGACC","2"
"CTACATTAGGACTGGT","1"
"CTACATTAGTAGATGT","4"
"CTACATTCAAACGTGG","0"
"CTACATTCAGTAACGG","4"
"CTACATTTCTCCCTGA","2"
"CTACCCAAGGAGTTGC","1"
"CTACCCAAGGATGGAA","0"
"CTACCCAAGGGTCTCC","1"
"CTACCCAAGTACGCGA","3"
"CTACCCAGTAGAGCTG","2"
"CTACCCATCGTTTATC","3"
"CTACGTCAGTGTACTC","0"
"CTACGTCCATGTCTCC","1"
"CTACGTCGTAGCGATG","7"
"CTACGTCTCCTATTCA","3"
"CTAGAGTAGCAGCCTC","1"
"CTAGAGTAGCTGAAAT","1"
"CTAGAGTTCACCACCT","4"
"CTAGCCTAGGAGCGTT","0"
"CTAGCCTAGGTGTTAA","2"
"CTAGCCTAGTGCGTGA","2"
"CTAGCCTCAATGGATA","1"
"CTAGCCTGTCTAGCCG","2"
"CTAGCCTTCGGCCGAT","5"
"CTAGCCTTCTGTCTCG","5"
"CTAGTGAAGATCGATA","3"
"CTAGTGAAGCCACGCT","5"
"CTAGTGAAGCTGAACG","6"
"CTAGTGACAAACGCGA","0"
"CTAGTGACACCAGATT","5"
"CTAGTGACACCGAATT","0"
"CTAGTGACACTGTTAG","1"
"CTCACACAGAACAATC","0"
"CTCACACAGCGTGAGT","6"
"CTCACACAGGGAGTAA","1"
"CTCACACCAAGCCGCT","0"
"CTCACACCACTGTTAG","3"
"CTCACACCATGCTGGC","2"
"CTCACACTCGCATGGC","1"
"CTCAGAACATACGCTA","0"
"CTCAGAACATCCCACT","1"
"CTCAGAACATGAAGTA","5"
"CTCAGAAGTTTAGCTG","3"
"CTCATTAGTTGCCTCT","3"
"CTCATTATCGCCCTTA","0"
"CTCATTATCGGGAGTA","1"
"CTCCTAGAGGACATTA","1"
"CTCCTAGCATACGCCG","1"
"CTCCTAGCATTCACTT","1"
"CTCCTAGGTGCGGTAA","0"
"CTCCTAGGTTCACGGC","2"
"CTCCTAGGTTCCGGCA","4"
"CTCCTAGTCGCAAGCC","0"
"CTCCTAGTCTAACTCT","2"
"CTCGAAAAGATGTGGC","2"
"CTCGAAACAAGGGTCA","0"
"CTCGAAACAGGCGATA","3"
"CTCGAAAGTTCGGGCT","5"
"CTCGAAATCCGTAGGC","2"
"CTCGAAATCCTCATTA","5"
"CTCGAAATCTACCTGC","0"
"CTCGAGGAGACTAGGC","4"
"CTCGAGGCAGAAGCAC","0"
"CTCGAGGCAGAGTGTG","0"
"CTCGAGGCAGCCTATA","0"
"CTCGAGGCATGCTAGT","0"
"CTCGAGGGTCGCGGTT","0"
"CTCGAGGGTGTTCTTT","2"
"CTCGAGGTCAGCTCTC","1"
"CTCGAGGTCCTCGCAT","2"
"CTCGAGGTCTTATCTG","0"
"CTCGGAGCACAGTCGC","0"
"CTCGGAGGTGAAATCA","0"
"CTCGGAGTCAAGGCTT","5"
"CTCGGGAAGTAGCGGT","4"
"CTCGGGATCCTGCTTG","3"
"CTCGGGATCTCTAAGG","0"
"CTCGTACGTTTGGCGC","3"
"CTCGTCAAGCTCCCAG","4"
"CTCGTCAGTTTAGGAA","1"
"CTCGTCATCCTAGGGC","5"
"CTCGTCATCTAACTTC","4"
"CTCTAATAGGCCATAG","4"
"CTCTAATAGTCCCACG","4"
"CTCTAATAGTGGGATC","5"
"CTCTAATAGTTGAGAT","1"
"CTCTAATGTTTCCACC","2"
"CTCTAATTCAGGCAAG","3"
"CTCTAATTCGAATCCA","3"
"CTCTACGAGCGTTTAC","2"
"CTCTACGCAGACGCTC","0"
"CTCTACGCATGCATGT","4"
"CTCTACGGTATTCTCT","1"
"CTCTACGGTGGTCCGT","4"
"CTCTACGTCGCATGAT","2"
"CTCTGGTAGACTGTAA","4"
"CTCTGGTAGCAAATCA","4"
"CTCTGGTAGGGTCTCC","3"
"CTCTGGTCAGATGGGT","0"
"CTCTGGTTCCGTACAA","0"
"CTGAAACAGCCGATTT","1"
"CTGAAACTCTGATTCT","4"
"CTGAAACTCTGTCCGT","0"
"CTGAAGTAGTAGGTGC","5"
"CTGAAGTCAACTGCTA","2"
"CTGAAGTCAAGAAGAG","2"
"CTGAAGTCAATGAATG","0"
"CTGAAGTCACCGAAAG","4"
"CTGAAGTCATACTACG","4"
"CTGATAGAGCCACGCT","1"
"CTGATAGAGGACAGAA","2"
"CTGATAGCAAATACAG","1"
"CTGATAGCAAGAGTCG","1"
"CTGATAGGTAGCGTAG","2"
"CTGATAGTCGCAGGCT","4"
"CTGATAGTCTCACATT","2"
"CTGATCCAGACTAGAT","7"
"CTGATCCCAGTGGGAT","4"
"CTGATCCGTAGGCTGA","0"
"CTGCCTACAGTCGATT","7"
"CTGCCTAGTTCCTCCA","7"
"CTGCCTATCAGAGGTG","4"
"CTGCCTATCCTCAATT","0"
"CTGCGGACAATCCAAC","4"
"CTGCGGACACTTCGAA","0"
"CTGCGGACAGTGACAG","2"
"CTGCGGACATTACGAC","1"
"CTGCGGAGTTCGTGAT","2"
"CTGCGGAGTTTGACAC","4"
"CTGCTGTAGCAGGCTA","0"
"CTGGTCTAGGGAGTAA","0"
"CTGGTCTAGGGCACTA","0"
"CTGGTCTCACATTTCT","1"
"CTGGTCTCAGTAGAGC","2"
"CTGGTCTGTAAGGGCT","5"
"CTGGTCTGTAGATTAG","0"
"CTGGTCTTCGTATCAG","2"
"CTGTGCTAGAACTCGG","0"
"CTGTGCTAGATCCCAT","0"
"CTGTGCTAGGTAGCCA","4"
"CTGTGCTCATGACGGA","3"
"CTGTGCTGTAAATGTG","2"
"CTGTTTACAAACAACA","3"
"CTGTTTACAGCTTCGG","0"
"CTGTTTAGTTCTGGTA","2"
"CTTAACTCAGCCTATA","2"
"CTTAACTCATTACGAC","0"
"CTTAACTGTTAAGGGC","0"
"CTTACCGAGAGCCCAA","2"
"CTTACCGAGTTAGGTA","0"
"CTTACCGCAAGCTGGA","0"
"CTTACCGCAGTCACTA","0"
"CTTACCGCATACCATG","5"
"CTTACCGGTGAAGGCT","0"
"CTTACCGTCCACTGGG","1"
"CTTAGGAAGTCCGTAT","3"
"CTTAGGAAGTGTCCCG","4"
"CTTAGGACATCGGAAG","4"
"CTTAGGACATCGGTTA","1"
"CTTCTCTAGTTCGCGC","1"
"CTTCTCTCAGACAAGC","4"
"CTTCTCTGTTTACTCT","7"
"CTTCTCTTCCTAGGGC","5"
"CTTCTCTTCTGACCTC","1"
"CTTGGCTAGATGGCGT","3"
"CTTGGCTAGTCGTTTG","0"
"CTTGGCTCAGGGTACA","5"
"CTTGGCTTCCCGGATG","1"
"CTTGGCTTCTCGATGA","0"
"CTTTGCGCAAGTACCT","1"
"CTTTGCGCACAGTCGC","2"
"CTTTGCGGTACCAGTT","5"
"CTTTGCGGTATAGGTA","1"
"CTTTGCGGTCGAAAGC","6"
"CTTTGCGGTGCCTGCA","0"
"CTTTGCGTCAACACAC","1"
"CTTTGCGTCTACTTAC","1"
"GAAACTCAGGGCTCTC","5"
"GAAACTCCAAGGTTCT","1"
"GAAACTCGTTCTGGTA","7"
"GAAACTCGTTGAGTTC","2"
"GAAATGAAGATAGTCA","2"
"GAAATGAAGTTCGATC","4"
"GAAATGACAAGAAAGG","1"
"GAAATGACACGTCTCT","4"
"GAAATGAGTTCAGCGC","7"
"GAAATGATCCCAGGTG","3"
"GAAATGATCGTAGATC","0"
"GAACATCAGAGTTGGC","0"
"GAACATCAGCGCTTAT","3"
"GAACATCCACGACGAA","0"
"GAACATCGTAAATGAC","2"
"GAACATCGTGATGTGG","4"
"GAACATCTCATAACCG","4"
"GAACATCTCCTGTAGA","0"
"GAACCTACACTTGGAT","5"
"GAACCTACAGTGAGTG","3"
"GAACCTATCCATGAAC","1"
"GAACCTATCTGACCTC","1"
"GAACGGAAGATATACG","0"
"GAACGGAAGATGTGGC","4"
"GAACGGACAATCCAAC","5"
"GAAGCAGAGACTTTCG","4"
"GAAGCAGAGCAATATG","5"
"GAAGCAGAGGCTAGCA","3"
"GAAGCAGCACGGCGTT","2"
"GAAGCAGGTGCACGAA","1"
"GAATAAGCAAGAAAGG","1"
"GAATAAGCATAAGACA","5"
"GAATAAGGTAAATGAC","5"
"GAATAAGTCAGAGGTG","6"
"GAATGAAAGGATCGCA","4"
"GAATGAAAGTCCTCCT","0"
"GAATGAACATTCACTT","0"
"GAATGAATCCTTGACC","0"
"GAATGAATCGAGAGCA","1"
"GACACGCAGCCTATGT","2"
"GACACGCAGCGTTCCG","0"
"GACACGCAGCTAAGAT","3"
"GACACGCGTTCATGGT","3"
"GACACGCTCAGTTTGG","0"
"GACACGCTCTGCAAGT","0"
"GACAGAGAGGACACCA","4"
"GACAGAGAGGTCATCT","4"
"GACAGAGGTTCAGCGC","0"
"GACAGAGGTTGTTTGG","3"
"GACAGAGTCTAACTGG","0"
"GACAGAGTCTTCATGT","0"
"GACCAATAGATGTCGG","6"
"GACCAATAGCTTCGCG","1"
"GACCAATAGGGAACGG","5"
"GACCAATGTCCTCTTG","4"
"GACCAATGTCTAACGT","0"
"GACCAATGTGCACTTA","3"
"GACCAATTCGCGATCG","0"
"GACCTGGAGCTGTTCA","3"
"GACCTGGCAAAGAATC","2"
"GACCTGGCATGGTCTA","0"
"GACCTGGGTACATGTC","1"
"GACCTGGGTAGCCTAT","5"
"GACCTGGTCAACACCA","4"
"GACGCGTAGGCCATAG","0"
"GACGCGTGTGACTACT","0"
"GACGCGTGTGGTAACG","3"
"GACGCGTTCCCTTGTG","2"
"GACGCGTTCTATCCCG","1"
"GACGGCTAGCCTATGT","2"
"GACGGCTCAAACCTAC","1"
"GACGGCTCAGGTCTCG","6"
"GACGGCTGTCTAAACC","0"
"GACGGCTTCTGGTGTA","0"
"GACGTGCCAAGTTCTG","1"
"GACGTGCGTAAGGATT","3"
"GACGTGCGTCTGCGGT","1"
"GACGTGCGTTCGGCAC","3"
"GACGTGCTCAGGCCCA","1"
"GACGTGCTCAGTCAGT","0"
"GACGTGCTCGAACGGA","0"
"GACGTGCTCGAATCCA","0"
"GACGTTAAGGATCGCA","2"
"GACGTTACAGGCAGTA","2"
"GACGTTAGTCATCCCT","6"
"GACGTTAGTGAGTGAC","3"
"GACGTTAGTGATAAAC","1"
"GACGTTAGTGTGACGA","5"
"GACGTTATCGAGAACG","5"
"GACTAACAGATGCGAC","4"
"GACTAACCAAGTTGTC","1"
"GACTAACCACCTCGTT","3"
"GACTAACGTCCGAACC","2"
"GACTAACTCTTACCTA","4"
"GACTACACACATGACT","4"
"GACTACACACTGCCAG","4"
"GACTACAGTAGAGCTG","1"
"GACTACATCTGGAGCC","6"
"GACTGCGAGAGTTGGC","0"
"GACTGCGAGGCTCATT","0"
"GACTGCGAGGTGTTAA","1"
"GACTGCGCACCGAAAG","1"
"GACTGCGCAGACGCAA","0"
"GACTGCGCATAGACTC","3"
"GACTGCGGTCAGCTAT","5"
"GAGCAGATCCGCATAA","3"
"GAGGTGACAGATCCAT","2"
"GAGGTGACAGTTTACG","1"
"GAGGTGAGTCCCTACT","0"
"GAGTCCGCAAGAAGAG","5"
"GAGTCCGCATGCTAGT","0"
"GAGTCCGGTCTAGCGC","0"
"GAGTCCGGTTCGGGCT","0"
"GAGTCCGTCTCCTATA","2"
"GATCAGTCATACTACG","0"
"GATCAGTGTACTCTCC","0"
"GATCAGTGTGTATGGG","2"
"GATCGATAGCTAGCCC","0"
"GATCGATAGGGCTTGA","0"
"GATCGATCACGGTTTA","3"
"GATCGATCATCACGTA","1"
"GATCGATGTAAAGTCA","0"
"GATCGATGTTATGTGC","0"
"GATCGATGTTGAGGTG","2"
"GATCGATTCCGTACAA","2"
"GATCGCGAGATGTGTA","0"
"GATCGCGAGCGATGAC","4"
"GATCGCGCAGTAAGAT","3"
"GATCGCGGTTTGACAC","0"
"GATCGCGTCACTATTC","0"
"GATCGCGTCCACGACG","5"
"GATCGTAAGCCTTGAT","6"
"GATCGTAAGGAGTTTA","0"
"GATCGTACAACGCACC","7"
"GATCGTACAGGTCTCG","1"
"GATCGTAGTAAATGAC","0"
"GATCGTAGTTTGTGTG","0"
"GATCTAGCATAGACTC","1"
"GATCTAGGTCTAGTGT","0"
"GATCTAGTCTTTAGGG","3"
"GATGAAAAGGTAGCCA","5"
"GATGAAACACAACTGT","0"
"GATGAAACATCCCACT","0"
"GATGAAATCCAAGTAC","0"
"GATGAGGAGGTAGCTG","2"
"GATGAGGCAGAGTGTG","2"
"GATGAGGCAGGCGATA","2"
"GATGAGGTCGCCAAAT","4"
"GATGCTACAAAGTGCG","4"
"GATGCTAGTTCACCTC","1"
"GATGCTATCAGAGCTT","4"
"GATGCTATCCGCTGTT","1"
"GATTCAGAGATAGGAG","0"
"GATTCAGCAATCAGAA","1"
"GATTCAGCAATCGGTT","0"
"GATTCAGCACCCATTC","0"
"GATTCAGGTTACGTCA","5"
"GCAAACTAGTACGTTC","2"
"GCAAACTCAGCAGTTT","3"
"GCAAACTCAGGCGATA","0"
"GCAAACTGTCGAAAGC","0"
"GCAAACTGTGCAGTAG","2"
"GCAAACTTCACCATAG","1"
"GCAAACTTCTCAAGTG","2"
"GCAAACTTCTGACCTC","0"
"GCAATCAAGCTATGCT","0"
"GCAATCAAGTAGATGT","3"
"GCAATCACAATGGAGC","2"
"GCAATCAGTTATCGGT","2"
"GCAATCATCGGCCGAT","5"
"GCACATACACGCGAAA","0"
"GCACATACAGCATACT","2"
"GCACATACAGGGCATA","3"
"GCACATACATCCGGGT","2"
"GCACATACATCGTCGG","0"
"GCACATAGTAAATGTG","1"
"GCACATAGTCATACTG","1"
"GCACATATCGCCCTTA","0"
"GCACTCTAGGGCTTCC","3"
"GCACTCTGTTCCACTC","3"
"GCACTCTTCTCTTGAT","2"
"GCACTCTTCTGTCTCG","1"
"GCAGCCAAGGGAACGG","2"
"GCAGCCACAACACGCC","4"
"GCAGCCAGTATATGAG","5"
"GCAGCCAGTTACGACT","0"
"GCAGCCAGTTTGGCGC","5"
"GCAGCCATCCGTACAA","2"
"GCAGCCATCTCCGGTT","6"
"GCAGTTAAGAAGGTTT","6"
"GCAGTTAAGGGAACGG","4"
"GCAGTTAAGTTAACGA","2"
"GCAGTTACATGTAAGA","0"
"GCAGTTAGTTCAGGCC","3"
"GCAGTTAGTTGCTCCT","3"
"GCATACAAGTAGATGT","6"
"GCATACACATCTCCCA","0"
"GCATACATCTGTCAAG","5"
"GCATGATAGTTAAGTG","5"
"GCATGATAGTTGTAGA","3"
"GCATGATCAAGCCGCT","0"
"GCATGATGTACTTAGC","3"
"GCATGATGTCTTCTCG","1"
"GCATGATTCCAGAAGG","1"
"GCATGATTCCGATATG","2"
"GCATGCGAGATGGCGT","4"
"GCATGCGCATCCCACT","0"
"GCATGCGGTATATCCG","4"
"GCATGCGGTTACGGAG","0"
"GCATGTAAGTTTCCTT","4"
"GCATGTACAGACGCAA","0"
"GCATGTAGTCCGACGT","0"
"GCATGTATCTACTTAC","4"
"GCCAAATAGGACAGAA","3"
"GCCAAATGTCACTGGC","5"
"GCCAAATGTCATATCG","1"
"GCCAAATTCCCTAATT","5"
"GCCAAATTCCTACAGA","3"
"GCCTCTAAGCCGGTAA","3"
"GCCTCTAAGCGTGTCC","2"
"GCCTCTAAGCTGCCCA","0"
"GCCTCTACAATCTACG","4"
"GCCTCTAGTCGGGTCT","1"
"GCCTCTAGTGAGTATA","1"
"GCCTCTAGTGTCTGAT","3"
"GCGACCAAGGAATGGA","4"
"GCGACCACAGACGCCT","7"
"GCGAGAACAATGGACG","2"
"GCGAGAACAGTATGCT","0"
"GCGAGAAGTACTCGCG","0"
"GCGAGAAGTCATATCG","5"
"GCGAGAAGTCGCATAT","3"
"GCGAGAAGTCGTTGTA","0"
"GCGAGAATCGCCAGCA","3"
"GCGAGAATCGTACGGC","5"
"GCGCAACCAACACCTA","3"
"GCGCAACCACTGCCAG","0"
"GCGCAACCATGTCTCC","0"
"GCGCAACGTAATCGTC","1"
"GCGCAACGTATTCTCT","2"
"GCGCAACGTGCCTGGT","0"
"GCGCAACGTGTTCGAT","2"
"GCGCAACTCGCCATAA","2"
"GCGCCAACATCTATGG","0"
"GCGCCAATCTAACCGA","3"
"GCGCGATAGCACCGTC","1"
"GCGCGATAGGATGGAA","4"
"GCGCGATAGGCAATTA","0"
"GCGCGATAGGCTAGCA","0"
"GCGCGATGTAAACCTC","0"
"GCGGGTTAGCTTTGGT","6"
"GCGGGTTCATGATCCA","2"
"GCTCCTACAATCCGAT","3"
"GCTCCTACACAGGAGT","2"
"GCTCCTAGTGTGGCTC","0"
"GCTCCTAGTTAGTGGG","0"
"GCTCCTATCTCGAGTA","1"
"GCTCTGTCATGTTCCC","3"
"GCTCTGTTCACCCGAG","5"
"GCTGCAGCAGGTCCAC","5"
"GCTGCAGCATGACGGA","4"
"GCTGCAGCATTCGACA","3"
"GCTGCAGGTCAACATC","4"
"GCTGCAGGTGTGGTTT","2"
"GCTGCAGGTTCGCGAC","5"
"GCTGCAGTCCATTCTA","3"
"GCTGCAGTCCCTTGCA","0"
"GCTGCAGTCGTCTGAA","1"
"GCTGCAGTCTTTAGGG","0"
"GCTGCGAGTGCAGTAG","2"
"GCTGCGATCGGAAACG","2"
"GCTGCTTAGGATATAC","3"
"GCTGCTTAGTGGTAAT","1"
"GCTGCTTCAACTGCGC","2"
"GCTGCTTCAGGACGTA","0"
"GCTGCTTGTCACTGGC","5"
"GCTGCTTGTCATGCCG","4"
"GCTGCTTGTCCATGAT","0"
"GCTGCTTGTCGCATCG","1"
"GCTGCTTGTCTTTCAT","4"
"GCTGCTTTCATGTAGC","2"
"GCTGGGTAGAGGGCTT","0"
"GCTGGGTAGGTCATCT","0"
"GCTTCCAAGAGGGCTT","2"
"GCTTCCAAGGTCGGAT","1"
"GCTTCCACAAGCGTAG","1"
"GCTTCCACACCTGGTG","2"
"GCTTCCAGTCATCGGC","0"
"GCTTCCATCGCCATAA","6"
"GCTTGAACACGGCGTT","4"
"GCTTGAACAGTACACT","0"
"GCTTGAAGTTACGACT","2"
"GCTTGAAGTTCACCTC","1"
"GCTTGAATCTAGCACA","3"
"GGAAAGCGTGGACGAT","0"
"GGAAAGCTCTTCAACT","3"
"GGAACTTAGCGTGAAC","5"
"GGAACTTAGTCTCCTC","0"
"GGAACTTCAGGATTGG","0"
"GGAACTTTCACTTACT","5"
"GGAATAAAGACAGACC","4"
"GGAATAAAGGGATACC","2"
"GGAATAACACGGCCAT","3"
"GGAATAACAGTACACT","1"
"GGAATAATCCCTAACC","1"
"GGAATAATCTGTTGAG","1"
"GGACAAGAGCAGGCTA","0"
"GGACAAGAGGCGACAT","3"
"GGACAAGAGGTGCTTT","1"
"GGACAAGTCCATGCTC","1"
"GGACAGAAGTTCGCGC","2"
"GGACAGACAAAGCGGT","3"
"GGACAGACATATACGC","0"
"GGACAGATCTCCCTGA","7"
"GGACAGATCTTACCTA","3"
"GGACATTAGCCGCCTA","1"
"GGACATTGTGCACGAA","0"
"GGACATTGTTGATTGC","2"
"GGACATTTCAGGCCCA","0"
"GGACGTCAGTGATCGG","1"
"GGACGTCAGTTACGGG","4"
"GGACGTCTCGCGATCG","1"
"GGAGCAAAGAACTCGG","5"
"GGAGCAAAGTGGGCTA","3"
"GGAGCAACAAGGACAC","5"
"GGAGCAACAATGACCT","2"
"GGAGCAACAGCGTAAG","1"
"GGAGCAATCAACCAAC","1"
"GGAGCAATCACAACGT","5"
"GGAGCAATCAGCTCGG","4"
"GGAGCAATCATGTAGC","0"
"GGATGTTAGCGTGTCC","3"
"GGATGTTAGTCTTGCA","6"
"GGATGTTTCACCTCGT","1"
"GGATTACAGTCCGGTC","0"
"GGATTACCAATGCCAT","2"
"GGATTACCAGATCGGA","0"
"GGATTACGTAGCCTCG","4"
"GGATTACTCGGAAACG","5"
"GGCAATTAGTACTTGC","2"
"GGCAATTAGTGAACGC","3"
"GGCAATTCAAGTAGTA","1"
"GGCAATTCATCTGGTA","5"
"GGCAATTGTAGGCTGA","4"
"GGCCGATAGAGCTGCA","2"
"GGCCGATAGCGTTTAC","0"
"GGCCGATGTGCGATAG","4"
"GGCCGATTCCGTTGCT","4"
"GGCCGATTCGCGCCAA","5"
"GGCGACTGTGTCGCTG","4"
"GGCGTGTAGTAACCCT","3"
"GGCGTGTAGTAGCGGT","3"
"GGCGTGTCATTATCTC","3"
"GGCTCGAAGCACCGCT","4"
"GGCTCGAAGCTGTTCA","3"
"GGCTCGAAGGAGTTGC","7"
"GGCTCGACAATACGCT","1"
"GGCTCGATCCTCATTA","3"
"GGCTGGTCATGGGAAC","1"
"GGCTGGTGTCTCCCTA","0"
"GGCTGGTGTTATCGGT","0"
"GGGAATGCACAGACTT","4"
"GGGAATGCAGTCGTGC","2"
"GGGAATGCATAGTAAG","2"
"GGGAATGGTTGGGACA","5"
"GGGACCTAGAAGCCCA","0"
"GGGACCTAGTGACTCT","4"
"GGGACCTCAATCTGCA","1"
"GGGACCTCACCCTATC","6"
"GGGACCTTCCGCATAA","1"
"GGGAGATAGGCTAGAC","0"
"GGGAGATGTCGTGGCT","5"
"GGGAGATGTGTTGGGA","1"
"GGGAGATTCGTGGGAA","1"
"GGGAGATTCTTGTTTG","4"
"GGGATGACATGATCCA","4"
"GGGATGAGTCCCGACA","1"
"GGGATGATCACCTCGT","4"
"GGGATGATCTTACCGC","3"
"GGGCACTCAACACGCC","3"
"GGGCATCAGCTCTCGG","6"
"GGGCATCAGGTGCTAG","5"
"GGGCATCAGTAGGCCA","0"
"GGGCATCCATTTCACT","1"
"GGGCATCTCCTTGCCA","0"
"GGGCATCTCCTTGGTC","0"
"GGGTCTGAGAAGAAGC","1"
"GGGTCTGAGATGTAAC","3"
"GGGTCTGCATATGCTG","1"
"GGGTCTGGTATGCTTG","3"
"GGGTCTGGTCATGCAT","2"
"GGGTCTGTCAGCTGGC","6"
"GGGTCTGTCCGAATGT","0"
"GGGTCTGTCCTCATTA","4"
"GGGTTGCAGTACGATA","5"
"GGGTTGCAGTCCCACG","2"
"GGGTTGCTCCGCATAA","0"
"GGTATTGAGAAACCGC","5"
"GGTATTGAGCGAAGGG","2"
"GGTATTGAGTGATCGG","0"
"GGTATTGAGTTCCACA","4"
"GGTATTGCACGGCCAT","0"
"GGTATTGTCACGGTTA","3"
"GGTATTGTCACTTACT","3"
"GGTATTGTCAGCTCTC","5"
"GGTGAAGAGTAGATGT","4"
"GGTGAAGCATCGATTG","0"
"GGTGAAGGTCATACTG","1"
"GGTGAAGTCGTACCGG","4"
"GGTGAAGTCTGCGACG","1"
"GGTGCGTAGGATATAC","0"
"GGTGCGTAGGTCATCT","4"
"GGTGCGTCAAGGTTTC","3"
"GGTGCGTGTCCGAATT","3"
"GGTGCGTTCTTGACGA","4"
"GGTGTTACAAATACAG","1"
"GGTGTTACAGTTTACG","5"
"GGTGTTATCGCAAACT","0"
"GTAACGTAGATGGCGT","3"
"GTAACGTAGGGATGGG","5"
"GTAACGTAGGTTACCT","7"
"GTAACGTGTATAAACG","1"
"GTAACGTTCTGGCGTG","0"
"GTAACTGCAGGTCTCG","3"
"GTAACTGTCTGGTGTA","2"
"GTACGTAAGTGCGTGA","1"
"GTACGTACAATTCCTT","5"
"GTACGTAGTACACCGC","0"
"GTACGTAGTCCATGAT","3"
"GTACGTAGTTACGCGC","3"
"GTACGTAGTTCAGTAC","0"
"GTACGTAGTTCTGAAC","2"
"GTACGTATCATTGCCC","6"
"GTACGTATCCACTGGG","4"
"GTACTCCAGAAACCTA","3"
"GTACTCCAGGATGCGT","3"
"GTACTCCAGGGCACTA","0"
"GTACTCCCAAGAGTCG","0"
"GTACTCCCACATGGGA","4"
"GTACTCCCAGCTGTGC","1"
"GTACTCCGTCCGAGTC","2"
"GTACTCCGTGCGGTAA","1"
"GTACTCCGTGTAAGTA","1"
"GTACTCCTCATTATCC","0"
"GTACTCCTCCTTTCGG","2"
"GTACTCCTCTGTCAAG","0"
"GTACTTTAGATAGCAT","1"
"GTACTTTGTACCTACA","5"
"GTACTTTGTCCAAGTT","1"
"GTACTTTGTCGCGGTT","3"
"GTACTTTTCCTTTACA","2"
"GTAGGCCAGGTAAACT","2"
"GTAGGCCAGTACCGGA","5"
"GTAGGCCAGTGGGTTG","3"
"GTAGGCCCACAGAGGT","1"
"GTAGGCCCATTTGCCC","1"
"GTAGGCCCATTTGCTT","7"
"GTAGGCCGTTACCAGT","5"
"GTAGGCCTCAGCTGGC","3"
"GTAGGCCTCCAGGGCT","4"
"GTAGGCCTCGCAGGCT","1"
"GTAGGCCTCGCTTGTC","0"
"GTAGTCACACATGTGT","1"
"GTAGTCAGTAGGGTAC","1"
"GTAGTCATCATTTGGG","6"
"GTAGTCATCTGACCTC","1"
"GTATCTTAGAAGGCCT","2"
"GTATTCTCAAGCGTAG","5"
"GTATTCTCAATTGCTG","0"
"GTATTCTCAGCTGCTG","0"
"GTATTCTCATTACGAC","6"
"GTATTCTGTTGATTCG","7"
"GTCAAGTAGGACACCA","3"
"GTCAAGTCAATGGATA","1"
"GTCAAGTCATCAGTAC","1"
"GTCAAGTGTGATGATA","4"
"GTCACAAAGGACGAAA","0"
"GTCACAAAGTTAGGTA","3"
"GTCACAACAACACGCC","0"
"GTCACAACACGGCTAC","1"
"GTCACAACACTTCGAA","3"
"GTCACAACATATGCTG","0"
"GTCACAATCTGATACG","3"
"GTCACGGAGAGTAATC","0"
"GTCACGGAGTGGTCCC","0"
"GTCACGGCAAGGACTG","2"
"GTCACGGGTCTTCTCG","0"
"GTCACGGGTTCGTGAT","3"
"GTCATTTCAAATTGCC","0"
"GTCATTTCAACACCCG","3"
"GTCATTTCATCGGGTC","1"
"GTCATTTGTCCGTGAC","0"
"GTCATTTTCTCGCATC","5"
"GTCCTCAAGCGACGTA","4"
"GTCCTCACAGCTGGCT","7"
"GTCCTCACAGTGGGAT","0"
"GTCCTCACATCAGTAC","3"
"GTCCTCAGTGTATGGG","4"
"GTCCTCAGTTGATTCG","4"
"GTCCTCATCGTCACGG","1"
"GTCGGGTAGAGTAAGG","4"
"GTCGGGTAGCAATATG","0"
"GTCGGGTCAAGGCTCC","2"
"GTCGGGTGTAAGTAGT","1"
"GTCGGGTGTCTAGCCG","3"
"GTCGGGTGTTAAAGAC","5"
"GTCGTAAAGTTGAGTA","1"
"GTCGTAACAAATTGCC","3"
"GTCGTAACAGAGTGTG","0"
"GTCGTAAGTCTCCCTA","2"
"GTCGTAATCCACGAAT","3"
"GTCGTAATCTGAGGGA","3"
"GTCTCGTTCGGCGCAT","0"
"GTCTTCGAGGCTCAGA","0"
"GTCTTCGCATGGTTGT","5"
"GTCTTCGTCGTTTATC","1"
"GTGAAGGAGATGTTAG","3"
"GTGAAGGAGTCGATAA","0"
"GTGAAGGAGTGTGGCA","6"
"GTGAAGGCAACGCACC","1"
"GTGAAGGCATTGAGCT","0"
"GTGAAGGTCATCTGTT","3"
"GTGAAGGTCGCTTGTC","0"
"GTGAAGGTCTTCATGT","5"
"GTGCAGCAGTACATGA","5"
"GTGCATACAGACGTAG","2"
"GTGCATACATCCGGGT","4"
"GTGCATATCACAATGC","0"
"GTGCATATCCCGGATG","2"
"GTGCGGTAGGCCCGTT","1"
"GTGCGGTGTCGAACAG","6"
"GTGCGGTTCTGCTTGC","3"
"GTGCTTCAGCTCTCGG","0"
"GTGCTTCCACCCATGG","0"
"GTGCTTCGTCCGTGAC","2"
"GTGCTTCTCAGCGATT","7"
"GTGGGTCCATCCCACT","6"
"GTGGGTCTCAACGAAA","3"
"GTGGGTCTCAAGCCTA","0"
"GTGGGTCTCGCTGATA","0"
"GTGTGCGAGATAGCAT","1"
"GTGTGCGAGCGTCAAG","0"
"GTGTGCGTCTCAAGTG","6"
"GTGTGCGTCTCGTATT","2"
"GTGTTAGAGATATGCA","4"
"GTGTTAGGTAGCGTCC","2"
"GTGTTAGGTGACAAAT","0"
"GTGTTAGTCTGTCCGT","2"
"GTTAAGCAGAACAATC","1"
"GTTAAGCAGAAGGACA","5"
"GTTAAGCAGAGGGATA","1"
"GTTAAGCAGATGCGAC","0"
"GTTAAGCTCAACGAAA","5"
"GTTAAGCTCCGAACGC","2"
"GTTACAGAGCCGTCGT","0"
"GTTACAGCAATCAGAA","2"
"GTTACAGGTACAGTTC","3"
"GTTACAGTCAGAGACG","3"
"GTTCATTCACACTGCG","4"
"GTTCATTCATTCACTT","4"
"GTTCATTGTAGCGATG","0"
"GTTCATTGTTACCAGT","5"
"GTTCATTGTTCAGACT","0"
"GTTCATTTCAGTTTGG","4"
"GTTCATTTCCGGCACA","3"
"GTTCGGGAGCACAGGT","1"
"GTTCGGGCAAGCGAGT","0"
"GTTCGGGCATCCAACA","3"
"GTTCGGGCATTCCTGC","0"
"GTTCGGGGTGCGCTTG","7"
"GTTCGGGGTTATGTGC","2"
"GTTCGGGGTTGTGGAG","6"
"GTTCGGGTCAGCGATT","0"
"GTTCGGGTCCTTGGTC","4"
"GTTCTCGAGCCAGGAT","0"
"GTTCTCGAGCTGATAA","2"
"GTTCTCGGTGCCTTGG","6"
"GTTTCTATCTGGGCCA","2"
"TAAACCGAGTGATCGG","5"
"TAAACCGGTGTGGTTT","3"
"TAAACCGGTTGATTCG","5"
"TAAACCGTCGACCAGC","4"
"TAAACCGTCGGCATCG","4"
"TAAGAGAAGCAAATCA","5"
"TAAGAGAAGTCTCAAC","3"
"TAAGAGAAGTTGTAGA","2"
"TAAGAGACAGTTCATG","0"
"TAAGCGTAGGAGTCTG","6"
"TAAGCGTGTGTCCTCT","0"
"TAAGCGTTCTGATACG","0"
"TAAGCGTTCTGGTTCC","0"
"TAAGTGCCACCAGGCT","1"
"TAAGTGCCATGCCTTC","6"
"TAAGTGCGTAAGGGAA","0"
"TAAGTGCTCAAGCCTA","3"
"TAAGTGCTCGGATGGA","3"
"TACACGAAGACGACGT","5"
"TACACGACACCGGAAA","2"
"TACACGACATGTCTCC","3"
"TACACGATCCAACCAA","0"
"TACACGATCGGCGCTA","5"
"TACAGTGCAAGAGGCT","0"
"TACAGTGGTATATGGA","0"
"TACAGTGGTGGACGAT","3"
"TACCTATCAGGACCCT","1"
"TACCTATGTATCTGCA","4"
"TACCTTAAGTAATCCC","4"
"TACCTTACAGCTCGAC","0"
"TACGGATAGATCTGCT","4"
"TACGGATAGGACTGGT","5"
"TACGGATCAGGGTTAG","0"
"TACGGGCAGAACAACT","0"
"TACGGGCAGCCGTCGT","5"
"TACGGGCAGTCCATAC","0"
"TACGGGCCAATAGCAA","3"
"TACGGTACAAGCCCAC","3"
"TACGGTACATTTCAGG","4"
"TACGGTAGTCTCTCGT","4"
"TACTCATAGACGCAAC","1"
"TACTCATAGCAACGGT","3"
"TACTCATAGTGCGTGA","4"
"TACTCATCAGGCGATA","4"
"TACTCGCAGAGCTGGT","6"
"TACTCGCAGCAGGCTA","2"
"TACTCGCAGGTGCAAC","1"
"TACTCGCCACACATGT","6"
"TACTCGCGTCGTTGTA","0"
"TACTCGCGTGGTTTCA","2"
"TACTTACAGTCAATAG","3"
"TACTTACCAATGAAAC","2"
"TACTTACCATATGGTC","3"
"TACTTACGTAACGCGA","2"
"TACTTACTCATAGCAC","0"
"TACTTACTCCGAATGT","1"
"TACTTACTCGTGGACC","3"
"TACTTACTCTGGGCCA","3"
"TACTTGTAGACAGGCT","3"
"TACTTGTAGACCACGA","0"
"TACTTGTAGCTGATAA","0"
"TACTTGTGTAAGGGAA","5"
"TACTTGTGTTTGGGCC","0"
"TACTTGTTCAGCTTAG","6"
"TACTTGTTCATCACCC","6"
"TACTTGTTCCGTTGCT","5"
"TAGACCACACGTGAGA","0"
"TAGACCACACTACAGT","4"
"TAGACCACAGCGTAAG","3"
"TAGACCAGTAGCTAAA","3"
"TAGACCATCGCTAGCG","0"
"TAGACCATCGTCACGG","3"
"TAGACCATCTAACCGA","4"
"TAGAGCTTCTACTTAC","1"
"TAGCCGGAGATGTCGG","1"
"TAGCCGGAGGAGTACC","0"
"TAGCCGGCATCACGTA","2"
"TAGCCGGGTGGTTTCA","0"
"TAGCCGGTCATGCAAC","4"
"TAGGCATAGTATTGGA","0"
"TAGGCATAGTCAAGCG","5"
"TAGGCATGTCGTCTTC","4"
"TAGGCATGTGGTTTCA","0"
"TAGGCATTCTCGCTTG","2"
"TAGGCATTCTGACCTC","1"
"TAGTGGTAGAAACCGC","5"
"TAGTGGTAGACGCACA","7"
"TAGTGGTAGGATGCGT","2"
"TAGTGGTCACCAGTTA","0"
"TAGTGGTCAGCGTAAG","5"
"TAGTGGTCATCGATTG","0"
"TAGTTGGAGCAGACTG","2"
"TAGTTGGCAACACGCC","4"
"TAGTTGGTCAGATAAG","3"
"TATCAGGCAAGAGGCT","4"
"TATCAGGCAAGGACTG","3"
"TATCAGGTCTAACCGA","1"
"TATCTCAAGACAAAGG","4"
"TATCTCAAGAGGGCTT","1"
"TATCTCAAGAGTGAGA","0"
"TATCTCAAGCCAACAG","0"
"TATCTCAAGCTACCGC","0"
"TATCTCATCACCACCT","3"
"TATCTCATCATGTCCC","3"
"TATCTCATCTTAGAGC","2"
"TATGCCCAGAAGGTGA","5"
"TATGCCCAGATGAGAG","1"
"TATGCCCAGCTCCCAG","4"
"TATGCCCAGGCCGAAT","4"
"TATGCCCCACAGGTTT","1"
"TATGCCCGTCTGATCA","4"
"TATGCCCTCAACGGGA","4"
"TATGCCCTCACTCCTG","6"
"TATGCCCTCCAACCAA","1"
"TATGCCCTCGATCCCT","5"
"TATTACCCACCACGTG","1"
"TATTACCGTCCAGTAT","3"
"TATTACCTCAGCGATT","4"
"TCAACGAAGAGCTTCT","2"
"TCAACGAAGTGCCAGA","3"
"TCAACGAGTGTGACGA","1"
"TCAATCTAGGACTGGT","4"
"TCAATCTAGGGTCTCC","0"
"TCAATCTCAGGATTGG","7"
"TCAATCTTCTTCATGT","2"
"TCACAAGCAAGACACG","0"
"TCACAAGGTCCAAGTT","0"
"TCACAAGGTCTTCGTC","0"
"TCACAAGGTTCATGGT","3"
"TCACAAGTCAGCTCGG","1"
"TCACAAGTCCAAGCCG","7"
"TCACGAAAGTACGCCC","2"
"TCACGAAAGTAGCCGA","1"
"TCACGAAAGTCCTCCT","1"
"TCACGAATCAACGGGA","0"
"TCACGAATCCGAACGC","3"
"TCACGAATCCTGCTTG","2"
"TCAGATGCAAGTACCT","3"
"TCAGATGGTACCAGTT","4"
"TCAGCAACAAATTGCC","1"
"TCAGCAAGTAAGTGGC","4"
"TCAGCAAGTCCCTTGT","2"
"TCAGCAATCATAAAGG","4"
"TCAGCAATCGAATCCA","0"
"TCAGCAATCGTACCGG","2"
"TCAGCAATCTCGGACG","2"
"TCAGCAATCTTGAGAC","2"
"TCAGCTCCAATGGTCT","0"
"TCAGCTCCAGCTCGAC","3"
"TCAGCTCGTCTCTTAT","0"
"TCAGCTCTCCTCAACC","4"
"TCAGGATAGACTGTAA","0"
"TCAGGATGTACTCTCC","1"
"TCAGGATGTCGCTTTC","3"
"TCAGGATTCAACGAAA","2"
"TCAGGATTCTGGGCCA","2"
"TCAGGTACAACTGCTA","5"
"TCAGGTACAGATGGCA","0"
"TCAGGTAGTCATCGGC","3"
"TCAGGTAGTGCAGGTA","5"
"TCAGGTAGTGTTGGGA","5"
"TCAGGTATCACGGTTA","1"
"TCAGGTATCTACTCAT","6"
"TCATTACAGTGAAGTT","2"
"TCATTACGTTAAGTAG","1"
"TCATTACTCCGTCATC","0"
"TCATTTGAGGAGCGAG","3"
"TCATTTGCAGGTCGTC","0"
"TCATTTGCATCTCCCA","3"
"TCATTTGGTAACGACG","5"
"TCATTTGGTACCGGCT","3"
"TCATTTGTCTACCTGC","2"
"TCCACACAGTCCCACG","0"
"TCCACACCATCCGTGG","0"
"TCCACACGTAACGCGA","2"
"TCCACACGTATAATGG","0"
"TCCACACGTCTACCTC","2"
"TCCACACGTGAAAGAG","5"
"TCCACACTCCTCAACC","0"
"TCCCGATCATCGGGTC","4"
"TCCCGATCATGCCCGA","5"
"TCCCGATGTTTAGGAA","0"
"TCGAGGCAGAGTCGGT","3"
"TCGAGGCAGCCGTCGT","5"
"TCGAGGCCACGCGAAA","1"
"TCGAGGCGTATCAGTC","2"
"TCGAGGCGTGGACGAT","2"
"TCGAGGCTCGTGACAT","0"
"TCGAGGCTCTACTTAC","5"
"TCGAGGCTCTGCTGCT","4"
"TCGCGAGAGGCGATAC","3"
"TCGCGAGCAAGCTGTT","2"
"TCGCGAGCAATAACGA","3"
"TCGCGAGCATCCGTGG","1"
"TCGCGAGGTCCGAAGA","1"
"TCGCGAGGTTACGACT","4"
"TCGCGAGTCACTCCTG","0"
"TCGCGTTAGCGTCAAG","2"
"TCGCGTTCAGGTCGTC","1"
"TCGCGTTTCACAACGT","1"
"TCGCGTTTCAGGCCCA","3"
"TCGCGTTTCCTATGTT","1"
"TCGCGTTTCGTGGACC","1"
"TCGGGACAGTTAACGA","0"
"TCGGGACCAGTGAGTG","0"
"TCGGGACGTGCTCTTC","2"
"TCGGTAAAGTGGGATC","1"
"TCGGTAACAAGTCTGT","1"
"TCGGTAAGTACCGCTG","1"
"TCGGTAAGTAGCGTGA","2"
"TCGGTAATCTGGTATG","3"
"TCGTACCCATGGTAGG","4"
"TCGTACCGTCCAGTGC","1"
"TCGTAGAAGCTACCTA","0"
"TCGTAGACAGGGTACA","2"
"TCGTAGATCACCCTCA","0"
"TCGTAGATCATCTGTT","4"
"TCGTAGATCGTCCGTT","2"
"TCGTAGATCTCTGCTG","3"
"TCGTAGATCTGTTGAG","0"
"TCTATTGAGGTGATTA","4"
"TCTATTGCAATCGAAA","3"
"TCTCATAAGTTGCAGG","2"
"TCTCATACAAGTACCT","0"
"TCTCATACATACTCTT","0"
"TCTCATAGTTGCGTTA","0"
"TCTCATAGTTTCCACC","0"
"TCTCATATCAACACCA","4"
"TCTCATATCCAAATGC","0"
"TCTCTAAAGACCACGA","0"
"TCTCTAAGTCTCTCGT","5"
"TCTCTAAGTCTTGTCC","4"
"TCTCTAAGTGGCGAAT","1"
"TCTCTAAGTTTGGGCC","0"
"TCTCTAATCGTGGACC","2"
"TCTCTAATCTCTTATG","5"
"TCTGAGACAAACGCGA","1"
"TCTGAGAGTCTCAACA","5"
"TCTGAGAGTGGACGAT","0"
"TCTGAGATCCAACCAA","6"
"TCTGAGATCGGAAACG","0"
"TCTGGAAAGAGTGACC","0"
"TCTGGAACATCCGTGG","6"
"TCTGGAAGTCCATGAT","0"
"TCTTCGGAGTGTCCAT","4"
"TCTTCGGTCAGAGCTT","2"
"TCTTCGGTCCTCAATT","1"
"TCTTCGGTCTACCAGA","3"
"TCTTTCCGTAATCGTC","0"
"TCTTTCCGTGGACGAT","1"
"TCTTTCCTCAGGTTCA","2"
"TCTTTCCTCCTTAATC","0"
"TCTTTCCTCTTGAGGT","3"
"TGAAAGAAGTCCATAC","3"
"TGAAAGACAATAGAGT","3"
"TGAAAGACACATCTTT","0"
"TGAAAGAGTTTCCACC","0"
"TGAAAGATCAAACCGT","0"
"TGAAAGATCCAAACAC","5"
"TGAAAGATCTGGCGTG","0"
"TGACAACAGTGTCCAT","1"
"TGACAACCACGAGAGT","4"
"TGACAACCACTTCTGC","0"
"TGACAACGTCATGCCG","3"
"TGACAACTCATCGCTC","2"
"TGACGGCCAATCCAAC","3"
"TGACGGCCACGAAAGC","1"
"TGACGGCCATGAGCGA","3"
"TGACGGCGTCTGATCA","1"
"TGACGGCGTCTTGATG","6"
"TGACGGCGTTCAGACT","4"
"TGACGGCTCACTGGGC","4"
"TGACTAGAGCTCCTTC","6"
"TGACTAGAGTATGACA","1"
"TGACTAGAGTTGAGAT","1"
"TGACTAGGTCACCCAG","5"
"TGACTAGGTCGTTGTA","6"
"TGACTAGTCAGGTAAA","0"
"TGACTAGTCCCAAGAT","2"
"TGACTAGTCGTCTGCT","5"
"TGACTTTAGTGGAGAA","2"
"TGACTTTCAGTATCTG","1"
"TGACTTTCATGCCACG","2"
"TGACTTTGTCGAGTTT","1"
"TGACTTTGTGTTCTTT","3"
"TGACTTTTCCAATGGT","3"
"TGAGAGGCAAACTGCT","0"
"TGAGAGGCACACATGT","0"
"TGAGAGGGTATGGTTC","1"
"TGAGAGGGTTCCACTC","4"
"TGAGAGGTCTGCTGCT","4"
"TGAGCATCAGTGGGAT","5"
"TGAGCATGTGCTTCTC","4"
"TGAGCATTCAATAAGG","1"
"TGAGCATTCGAGAGCA","4"
"TGAGCATTCGGCGCTA","1"
"TGAGCCGAGAAGGTTT","3"
"TGAGCCGCAATGGAAT","0"
"TGAGCCGCATTCTCAT","5"
"TGAGCCGGTACCGTAT","3"
"TGAGCCGGTTGTACAC","1"
"TGAGGGAAGCTACCTA","1"
"TGAGGGAAGGATATAC","1"
"TGAGGGACACAGGAGT","4"
"TGAGGGATCTTAACCT","4"
"TGATTTCCAAGCCATT","1"
"TGATTTCCAGGAATGC","3"
"TGATTTCGTAGAGTGC","6"
"TGATTTCTCTTCAACT","3"
"TGCACCTAGTAGCGGT","0"
"TGCACCTCAAGCCGCT","0"
"TGCACCTCAATAAGCA","1"
"TGCACCTCACCTATCC","0"
"TGCACCTCAGAGTGTG","1"
"TGCACCTTCTCGAGTA","3"
"TGCACCTTCTGCTTGC","1"
"TGCCAAAAGCGCTCCA","1"
"TGCCAAAAGCGTCAAG","2"
"TGCCAAAAGGTACTCT","5"
"TGCCAAACAATAGCAA","4"
"TGCCCATAGGTGTTAA","4"
"TGCCCTAAGCCGGTAA","2"
"TGCCCTACATGCCCGA","1"
"TGCCCTATCAACTCTT","1"
"TGCGCAGAGAATTGTG","3"
"TGCGCAGAGCTGCGAA","4"
"TGCGCAGCAGTACACT","4"
"TGCGCAGGTGACAAAT","1"
"TGCGCAGGTTCGTGAT","2"
"TGCGGGTTCAGGCGAA","2"
"TGCGGGTTCTTGAGAC","6"
"TGCGTGGAGCGTTGCC","4"
"TGCGTGGTCCCGGATG","3"
"TGCTACCAGAGTGACC","1"
"TGCTACCAGCCACCTG","4"
"TGCTACCAGCGAGAAA","0"
"TGCTACCCAATCTGCA","1"
"TGCTACCCAATGGACG","7"
"TGCTACCCATGCCTTC","0"
"TGCTACCGTAGTACCT","5"
"TGCTACCTCGATCCCT","4"
"TGCTACCTCGTGGTCG","4"
"TGCTGCTAGCCACGTC","5"
"TGCTGCTAGGATGGTC","1"
"TGCTGCTCAACGATCT","0"
"TGCTGCTCAATGGAAT","0"
"TGCTGCTCACCGAAAG","0"
"TGCTGCTCACGAAATA","3"
"TGCTGCTGTACGCTGC","0"
"TGCTGCTGTCGGCTCA","4"
"TGCTGCTGTTCGTTGA","4"
"TGCTGCTTCAACGCTA","1"
"TGGACGCAGCTGCCCA","0"
"TGGACGCAGCTGTCTA","2"
"TGGACGCCACGACTCG","3"
"TGGACGCGTAAGGGAA","5"
"TGGACGCGTATAGGGC","5"
"TGGCCAGCAGACGCAA","1"
"TGGCCAGCATTGAGCT","7"
"TGGCCAGGTAGCTCCG","0"
"TGGCCAGGTCAATACC","4"
"TGGCCAGGTCCGAAGA","0"
"TGGCCAGGTCGAATCT","3"
"TGGCCAGGTGACTCAT","3"
"TGGCCAGTCACTTACT","1"
"TGGCCAGTCGGCTTGG","1"
"TGGCCAGTCTCGCTTG","1"
"TGGCGCAAGCCACCTG","3"
"TGGCGCAAGCTTATCG","5"
"TGGCGCAAGTGTACTC","1"
"TGGCGCACACAAGTAA","0"
"TGGCGCAGTAAGAGGA","3"
"TGGCTGGAGTGCGATG","0"
"TGGCTGGCATGGATGG","0"
"TGGCTGGGTCAAAGAT","6"
"TGGCTGGGTTAGATGA","2"
"TGGCTGGTCGCTTAGA","1"
"TGGCTGGTCTTGAGAC","7"
"TGGGAAGAGTGCTGCC","0"
"TGGGAAGCACCCATGG","4"
"TGGGAAGGTAGGGTAC","2"
"TGGGAAGGTGAGTATA","2"
"TGGGAAGTCGAGAGCA","0"
"TGGGAAGTCGCTTAGA","0"
"TGGGCGTAGCTAAGAT","1"
"TGGGCGTCAAACTGCT","2"
"TGGGCGTGTCGGATCC","0"
"TGGGCGTGTGGTCCGT","7"
"TGGGCGTTCCTAAGTG","6"
"TGGTTAGAGAGTCGGT","2"
"TGGTTAGCAGATTGCT","5"
"TGGTTAGCATTGCGGC","2"
"TGGTTAGGTTATCACG","5"
"TGGTTCCAGCTCCTCT","3"
"TGGTTCCCAGGGTATG","1"
"TGGTTCCTCTCACATT","5"
"TGTATTCAGGTAGCCA","0"
"TGTATTCTCCTGCCAT","7"
"TGTCCCACAAGAAGAG","3"
"TGTCCCACACAGTCGC","2"
"TGTCCCACACCCATGG","2"
"TGTCCCACAGCTGCTG","2"
"TGTCCCAGTTGATTGC","5"
"TGTGGTACATAAAGGT","3"
"TGTGGTAGTCTCTCGT","5"
"TGTGGTATCTCCTATA","2"
"TGTGGTATCTGGAGCC","1"
"TGTGTTTAGCTATGCT","1"
"TGTGTTTAGGACAGCT","2"
"TGTGTTTAGTTCGATC","2"
"TGTGTTTCACAAGTAA","3"
"TGTGTTTCACTTACGA","2"
"TGTGTTTCAGCGTCCA","5"
"TGTGTTTGTAGGACAC","5"
"TGTGTTTGTGAGGGAG","0"
"TGTTCCGAGATGCCTT","5"
"TGTTCCGAGGCCGAAT","1"
"TGTTCCGCAGCTGCTG","5"
"TGTTCCGGTTGATTCG","3"
"TTAACTCAGGCAGTCA","5"
"TTAGGACAGTGAATTG","0"
"TTAGGACGTCTAAACC","3"
"TTAGGACTCACCCGAG","6"
"TTAGGACTCCTCAACC","0"
"TTAGGCAAGACAAGCC","4"
"TTAGGCACAAGCTGTT","4"
"TTAGGCAGTCCAACTA","2"
"TTAGGCATCAAAGACA","0"
"TTAGGCATCATGTAGC","0"
"TTAGTTCAGAGACTTA","5"
"TTAGTTCCAGTGAGTG","2"
"TTAGTTCGTCTGCAAT","2"
"TTAGTTCGTGTAAGTA","3"
"TTAGTTCTCCGTCAAA","4"
"TTAGTTCTCGGAAACG","0"
"TTATGCTAGGCATTGG","1"
"TTATGCTCACCATGTA","3"
"TTATGCTGTACAGTTC","1"
"TTATGCTGTCTCTTTA","4"
"TTATGCTGTTGATTCG","4"
"TTATGCTTCTGGCGTG","4"
"TTCCCAGCAAACCTAC","2"
"TTCCCAGGTACAGCAG","1"
"TTCCCAGGTGCAGACA","0"
"TTCCCAGTCAATACCG","3"
"TTCCCAGTCTGAGTGT","2"
"TTCGAAGAGCGCCTCA","5"
"TTCGAAGAGTGTTGAA","2"
"TTCGAAGCAATAACGA","2"
"TTCGAAGCACGAAGCA","0"
"TTCGGTCAGAAGATTC","4"
"TTCGGTCCAGCTGTTA","2"
"TTCGGTCGTAAGGATT","0"
"TTCGGTCTCGAGAACG","0"
"TTCTACAAGCGAAGGG","0"
"TTCTACAAGGGTCTCC","6"
"TTCTACACAAGTCTGT","2"
"TTCTACACACAGGCCT","4"
"TTCTACACAGCCAATT","1"
"TTCTACAGTGCTAGCC","1"
"TTCTACAGTTCAGTAC","5"
"TTCTACATCCAATGGT","1"
"TTCTACATCGCAGGCT","2"
"TTCTACATCTTACCTA","3"
"TTCTCAAAGAATGTTG","2"
"TTCTCAAGTAGCCTCG","3"
"TTCTCAAGTTTGACAC","1"
"TTCTCAATCCACGTGG","5"
"TTCTCAATCTAGCACA","3"
"TTCTCCTAGCTAGCCC","0"
"TTCTCCTCAATTCCTT","1"
"TTCTCCTGTTCATGGT","0"
"TTCTCCTGTTGTTTGG","2"
"TTCTCCTTCTCGGACG","0"
"TTCTCCTTCTTGAGAC","1"
"TTCTTAGAGGCCCGTT","3"
"TTCTTAGGTCTTCGTC","4"
"TTGAACGAGAGTTGGC","0"
"TTGAACGAGGATTCGG","1"
"TTGAACGTCCACTCCA","1"
"TTGACTTAGCTAAGAT","0"
"TTGACTTAGGAGTTGC","3"
"TTGCCGTAGCAAATCA","3"
"TTGCCGTCACAGACTT","5"
"TTGCCGTCACTTGGAT","0"
"TTGCCGTGTAGCTAAA","3"
"TTGCCGTTCAGATAAG","0"
"TTGCCGTTCCTCAACC","3"
"TTGCGTCAGCGACGTA","4"
"TTGCGTCAGTGACATA","4"
"TTGCGTCCAAGTCATC","7"
"TTGCGTCCACGACGAA","3"
"TTGCGTCCAGGGTACA","5"
"TTGCGTCCAGTCACTA","3"
"TTGCGTCGTCATTAGC","2"
"TTGCGTCGTGAAATCA","2"
"TTGGAACAGAAGATTC","3"
"TTGGAACAGACGCTTT","4"
"TTGGAACCAATCCGAT","6"
"TTGGAACGTAAGTTCC","2"
"TTGGAACGTACCGTTA","0"
"TTGGAACGTCTGCCAG","2"
"TTGGAACGTCTTCTCG","4"
"TTGGAACTCCCAAGAT","2"
"TTGGCAAAGGCAAAGA","4"
"TTGGCAACATCGGACC","2"
"TTGGCAAGTACATCCA","3"
"TTGGCAAGTACGCTGC","5"
"TTGTAGGAGCGGCTTC","0"
"TTGTAGGAGTCGTTTG","4"
"TTGTAGGCAATGCCAT","2"
"TTGTAGGCATACCATG","1"
"TTGTAGGTCTGTACGA","4"
"TTGTAGGTCTTAGAGC","4"
"TTTACTGAGACAAAGG","0"
"TTTACTGAGAGGTTGC","1"
"TTTACTGAGCTATGCT","0"
"TTTACTGCAGCCTTGG","1"
"TTTACTGCAGTGAGTG","0"
"TTTACTGGTACCATCA","1"
"TTTACTGTCTTGCAAG","4"
"TTTATGCAGAATAGGG","3"
"TTTATGCGTAAACCTC","1"
"TTTCCTCGTGCCTGCA","3"
"TTTCCTCTCATCGGAT","1"
"TTTGCGCAGCTACCGC","0"
"TTTGCGCAGTACCGGA","5"
"TTTGCGCAGTGTCTCA","2"
"TTTGCGCGTCTCTCTG","2"
"TTTGCGCTCACGATGT","2"
"TTTGGTTAGCAGGCTA","0"
"TTTGGTTAGCTGTCTA","2"
"TTTGGTTCATGGATGG","7"
"TTTGGTTCATTCTTAC","1"
"TTTGTCAGTAACGTTC","0"
